"Codice regione";"Regione";"Età";"Totale maschi";"Totale femmine";"Totale"
"13";"Abruzzo";0;3571;3445;7016
"13";"Abruzzo";1;3881;3576;7457
"13";"Abruzzo";2;4038;3689;7727
"13";"Abruzzo";3;4291;3937;8228
"13";"Abruzzo";4;4348;4188;8536
"13";"Abruzzo";5;4486;4208;8694
"13";"Abruzzo";6;4576;4336;8912
"13";"Abruzzo";7;4739;4525;9264
"13";"Abruzzo";8;5085;4768;9853
"13";"Abruzzo";9;5334;5005;10339
"13";"Abruzzo";10;5437;5069;10506
"13";"Abruzzo";11;5474;5201;10675
"13";"Abruzzo";12;5570;5249;10819
"13";"Abruzzo";13;5831;5570;11401
"13";"Abruzzo";14;6022;5464;11486
"13";"Abruzzo";15;6067;5746;11813
"13";"Abruzzo";16;6056;5578;11634
"13";"Abruzzo";17;6249;5826;12075
"13";"Abruzzo";18;6218;5776;11994
"13";"Abruzzo";19;6289;5703;11992
"13";"Abruzzo";20;6417;5843;12260
"13";"Abruzzo";21;6674;5788;12462
"13";"Abruzzo";22;6523;5788;12311
"13";"Abruzzo";23;6433;5617;12050
"13";"Abruzzo";24;6535;5896;12431
"13";"Abruzzo";25;6871;5857;12728
"13";"Abruzzo";26;6668;5804;12472
"13";"Abruzzo";27;6831;5977;12808
"13";"Abruzzo";28;6781;5839;12620
"13";"Abruzzo";29;6651;6005;12656
"13";"Abruzzo";30;6741;5867;12608
"13";"Abruzzo";31;6680;6095;12775
"13";"Abruzzo";32;6938;6272;13210
"13";"Abruzzo";33;7134;6515;13649
"13";"Abruzzo";34;7101;6596;13697
"13";"Abruzzo";35;7270;6813;14083
"13";"Abruzzo";36;7356;6726;14082
"13";"Abruzzo";37;7419;7028;14447
"13";"Abruzzo";38;7135;6957;14092
"13";"Abruzzo";39;7359;7232;14591
"13";"Abruzzo";40;7640;7470;15110
"13";"Abruzzo";41;7820;7567;15387
"13";"Abruzzo";42;7795;7543;15338
"13";"Abruzzo";43;7959;8057;16016
"13";"Abruzzo";44;8046;7938;15984
"13";"Abruzzo";45;8291;8105;16396
"13";"Abruzzo";46;8621;8486;17107
"13";"Abruzzo";47;8948;8736;17684
"13";"Abruzzo";48;9043;8833;17876
"13";"Abruzzo";49;9315;9319;18634
"13";"Abruzzo";50;9431;9717;19148
"13";"Abruzzo";51;9923;9943;19866
"13";"Abruzzo";52;9670;10000;19670
"13";"Abruzzo";53;9976;10261;20237
"13";"Abruzzo";54;9973;10565;20538
"13";"Abruzzo";55;9845;10252;20097
"13";"Abruzzo";56;10293;10583;20876
"13";"Abruzzo";57;10159;10554;20713
"13";"Abruzzo";58;10133;10725;20858
"13";"Abruzzo";59;10344;10770;21114
"13";"Abruzzo";60;10288;10785;21073
"13";"Abruzzo";61;10403;10728;21131
"13";"Abruzzo";62;9669;10235;19904
"13";"Abruzzo";63;9289;9785;19074
"13";"Abruzzo";64;8848;9819;18667
"13";"Abruzzo";65;8817;9591;18408
"13";"Abruzzo";66;8552;9409;17961
"13";"Abruzzo";67;8183;9007;17190
"13";"Abruzzo";68;8095;8787;16882
"13";"Abruzzo";69;8042;8567;16609
"13";"Abruzzo";70;7751;8707;16458
"13";"Abruzzo";71;7464;8396;15860
"13";"Abruzzo";72;6980;7831;14811
"13";"Abruzzo";73;6841;7712;14553
"13";"Abruzzo";74;6633;7801;14434
"13";"Abruzzo";75;6890;7833;14723
"13";"Abruzzo";76;6840;7903;14743
"13";"Abruzzo";77;6705;8008;14713
"13";"Abruzzo";78;6264;7361;13625
"13";"Abruzzo";79;5949;7022;12971
"13";"Abruzzo";80;4151;5233;9384
"13";"Abruzzo";81;4335;5389;9724
"13";"Abruzzo";82;3999;5141;9140
"13";"Abruzzo";83;3628;4883;8511
"13";"Abruzzo";84;3458;4692;8150
"13";"Abruzzo";85;3601;5173;8774
"13";"Abruzzo";86;3355;5000;8355
"13";"Abruzzo";87;2795;4254;7049
"13";"Abruzzo";88;2456;3928;6384
"13";"Abruzzo";89;1931;3367;5298
"13";"Abruzzo";90;1690;3054;4744
"13";"Abruzzo";91;1265;2560;3825
"13";"Abruzzo";92;1068;2289;3357
"13";"Abruzzo";93;781;1713;2494
"13";"Abruzzo";94;582;1431;2013
"13";"Abruzzo";95;469;1229;1698
"13";"Abruzzo";96;294;822;1116
"13";"Abruzzo";97;196;601;797
"13";"Abruzzo";98;145;396;541
"13";"Abruzzo";99;77;281;358
"13";"Abruzzo";100;117;501;618
"13";"Abruzzo";999;623200;644022;1267222
"17";"Basilicata";0;1525;1443;2968
"17";"Basilicata";1;1579;1467;3046
"17";"Basilicata";2;1570;1527;3097
"17";"Basilicata";3;1741;1491;3232
"17";"Basilicata";4;1748;1614;3362
"17";"Basilicata";5;1865;1665;3530
"17";"Basilicata";6;1926;1743;3669
"17";"Basilicata";7;1889;1832;3721
"17";"Basilicata";8;2077;1864;3941
"17";"Basilicata";9;2066;1953;4019
"17";"Basilicata";10;2107;1983;4090
"17";"Basilicata";11;2101;2024;4125
"17";"Basilicata";12;2126;1958;4084
"17";"Basilicata";13;2357;2111;4468
"17";"Basilicata";14;2303;2150;4453
"17";"Basilicata";15;2372;2225;4597
"17";"Basilicata";16;2509;2275;4784
"17";"Basilicata";17;2616;2351;4967
"17";"Basilicata";18;2685;2344;5029
"17";"Basilicata";19;2787;2411;5198
"17";"Basilicata";20;2772;2412;5184
"17";"Basilicata";21;2874;2633;5507
"17";"Basilicata";22;2973;2542;5515
"17";"Basilicata";23;2951;2595;5546
"17";"Basilicata";24;3017;2554;5571
"17";"Basilicata";25;3101;2614;5715
"17";"Basilicata";26;3037;2652;5689
"17";"Basilicata";27;3097;2504;5601
"17";"Basilicata";28;2978;2505;5483
"17";"Basilicata";29;2960;2506;5466
"17";"Basilicata";30;2912;2548;5460
"17";"Basilicata";31;2930;2599;5529
"17";"Basilicata";32;2969;2569;5538
"17";"Basilicata";33;3163;2775;5938
"17";"Basilicata";34;3016;2773;5789
"17";"Basilicata";35;3161;2879;6040
"17";"Basilicata";36;3209;2785;5994
"17";"Basilicata";37;3135;2812;5947
"17";"Basilicata";38;3187;2812;5999
"17";"Basilicata";39;3083;2798;5881
"17";"Basilicata";40;3213;2910;6123
"17";"Basilicata";41;3243;3047;6290
"17";"Basilicata";42;3192;3074;6266
"17";"Basilicata";43;3217;3244;6461
"17";"Basilicata";44;3240;3144;6384
"17";"Basilicata";45;3232;3174;6406
"17";"Basilicata";46;3379;3242;6621
"17";"Basilicata";47;3624;3448;7072
"17";"Basilicata";48;3553;3636;7189
"17";"Basilicata";49;3913;3796;7709
"17";"Basilicata";50;3800;3958;7758
"17";"Basilicata";51;4037;3964;8001
"17";"Basilicata";52;3953;3969;7922
"17";"Basilicata";53;3948;4139;8087
"17";"Basilicata";54;3996;4145;8141
"17";"Basilicata";55;4061;4259;8320
"17";"Basilicata";56;4264;4287;8551
"17";"Basilicata";57;4157;4330;8487
"17";"Basilicata";58;4299;4498;8797
"17";"Basilicata";59;4077;4476;8553
"17";"Basilicata";60;4224;4436;8660
"17";"Basilicata";61;4366;4609;8975
"17";"Basilicata";62;4142;4313;8455
"17";"Basilicata";63;4191;4287;8478
"17";"Basilicata";64;3924;4275;8199
"17";"Basilicata";65;3856;4196;8052
"17";"Basilicata";66;3730;3998;7728
"17";"Basilicata";67;3580;3835;7415
"17";"Basilicata";68;3337;3874;7211
"17";"Basilicata";69;3516;3823;7339
"17";"Basilicata";70;3454;3559;7013
"17";"Basilicata";71;3294;3655;6949
"17";"Basilicata";72;3088;3250;6338
"17";"Basilicata";73;2888;3266;6154
"17";"Basilicata";74;2788;3221;6009
"17";"Basilicata";75;2921;3240;6161
"17";"Basilicata";76;2883;3197;6080
"17";"Basilicata";77;2839;3345;6184
"17";"Basilicata";78;2488;3036;5524
"17";"Basilicata";79;2187;2649;4836
"17";"Basilicata";80;1582;2127;3709
"17";"Basilicata";81;1576;1949;3525
"17";"Basilicata";82;1478;1888;3366
"17";"Basilicata";83;1334;1851;3185
"17";"Basilicata";84;1278;1757;3035
"17";"Basilicata";85;1444;1977;3421
"17";"Basilicata";86;1379;1991;3370
"17";"Basilicata";87;1172;1818;2990
"17";"Basilicata";88;1007;1697;2704
"17";"Basilicata";89;846;1478;2324
"17";"Basilicata";90;694;1268;1962
"17";"Basilicata";91;578;1091;1669
"17";"Basilicata";92;456;922;1378
"17";"Basilicata";93;385;655;1040
"17";"Basilicata";94;259;565;824
"17";"Basilicata";95;197;487;684
"17";"Basilicata";96;143;343;486
"17";"Basilicata";97;79;237;316
"17";"Basilicata";98;72;153;225
"17";"Basilicata";99;38;107;145
"17";"Basilicata";100;59;194;253
"17";"Basilicata";999;260624;264657;525281
"18";"Calabria";0;6113;5823;11936
"18";"Calabria";1;6522;6153;12675
"18";"Calabria";2;6845;6512;13357
"18";"Calabria";3;6990;6503;13493
"18";"Calabria";4;6815;6535;13350
"18";"Calabria";5;7172;6888;14060
"18";"Calabria";6;7502;7098;14600
"18";"Calabria";7;7828;7324;15152
"18";"Calabria";8;8045;7596;15641
"18";"Calabria";9;8192;7712;15904
"18";"Calabria";10;8334;7906;16240
"18";"Calabria";11;8432;7807;16239
"18";"Calabria";12;8353;7981;16334
"18";"Calabria";13;8797;8089;16886
"18";"Calabria";14;8824;8227;17051
"18";"Calabria";15;8986;8564;17550
"18";"Calabria";16;9288;8546;17834
"18";"Calabria";17;9207;8869;18076
"18";"Calabria";18;9592;8735;18327
"18";"Calabria";19;10059;8986;19045
"18";"Calabria";20;9914;8927;18841
"18";"Calabria";21;10304;9163;19467
"18";"Calabria";22;10121;9094;19215
"18";"Calabria";23;10051;8978;19029
"18";"Calabria";24;10077;9282;19359
"18";"Calabria";25;10339;9349;19688
"18";"Calabria";26;10360;9248;19608
"18";"Calabria";27;10346;9282;19628
"18";"Calabria";28;10003;9101;19104
"18";"Calabria";29;10145;9036;19181
"18";"Calabria";30;10107;9333;19440
"18";"Calabria";31;10213;9426;19639
"18";"Calabria";32;10476;9755;20231
"18";"Calabria";33;10663;10157;20820
"18";"Calabria";34;10660;10210;20870
"18";"Calabria";35;10989;10308;21297
"18";"Calabria";36;11224;10638;21862
"18";"Calabria";37;11336;10835;22171
"18";"Calabria";38;11068;10929;21997
"18";"Calabria";39;11102;10870;21972
"18";"Calabria";40;11190;11057;22247
"18";"Calabria";41;11688;11073;22761
"18";"Calabria";42;11468;11219;22687
"18";"Calabria";43;11636;11644;23280
"18";"Calabria";44;11603;11594;23197
"18";"Calabria";45;11946;11839;23785
"18";"Calabria";46;12105;12196;24301
"18";"Calabria";47;12323;12307;24630
"18";"Calabria";48;12334;12940;25274
"18";"Calabria";49;12996;13444;26440
"18";"Calabria";50;12986;13378;26364
"18";"Calabria";51;13113;13711;26824
"18";"Calabria";52;13008;13649;26657
"18";"Calabria";53;13079;13918;26997
"18";"Calabria";54;13132;14183;27315
"18";"Calabria";55;12975;14051;27026
"18";"Calabria";56;13567;14912;28479
"18";"Calabria";57;13475;14617;28092
"18";"Calabria";58;13610;14716;28326
"18";"Calabria";59;13645;14889;28534
"18";"Calabria";60;13541;14687;28228
"18";"Calabria";61;14062;15350;29412
"18";"Calabria";62;13304;14446;27750
"18";"Calabria";63;13134;14413;27547
"18";"Calabria";64;12926;14220;27146
"18";"Calabria";65;12895;13955;26850
"18";"Calabria";66;12483;13508;25991
"18";"Calabria";67;11506;12513;24019
"18";"Calabria";68;11942;12690;24632
"18";"Calabria";69;11386;12326;23712
"18";"Calabria";70;11210;12118;23328
"18";"Calabria";71;11139;11898;23037
"18";"Calabria";72;10305;11136;21441
"18";"Calabria";73;9583;10566;20149
"18";"Calabria";74;9553;10732;20285
"18";"Calabria";75;9522;10737;20259
"18";"Calabria";76;9355;10576;19931
"18";"Calabria";77;9088;10666;19754
"18";"Calabria";78;8635;10052;18687
"18";"Calabria";79;7579;9152;16731
"18";"Calabria";80;5705;6899;12604
"18";"Calabria";81;5568;6668;12236
"18";"Calabria";82;5059;6455;11514
"18";"Calabria";83;4774;6158;10932
"18";"Calabria";84;4385;5810;10195
"18";"Calabria";85;4654;6261;10915
"18";"Calabria";86;4138;5812;9950
"18";"Calabria";87;3411;5272;8683
"18";"Calabria";88;3070;4551;7621
"18";"Calabria";89;2581;4146;6727
"18";"Calabria";90;2163;3671;5834
"18";"Calabria";91;1816;3063;4879
"18";"Calabria";92;1485;2675;4160
"18";"Calabria";93;1108;2184;3292
"18";"Calabria";94;745;1682;2427
"18";"Calabria";95;592;1382;1974
"18";"Calabria";96;383;959;1342
"18";"Calabria";97;274;691;965
"18";"Calabria";98;195;484;679
"18";"Calabria";99;132;369;501
"18";"Calabria";100;216;651;867
"18";"Calabria";999;898875;928696;1827571
"15";"Campania";0;20520;19136;39656
"15";"Campania";1;21242;20064;41306
"15";"Campania";2;21981;20869;42850
"15";"Campania";3;22897;21666;44563
"15";"Campania";4;22448;21209;43657
"15";"Campania";5;23472;22112;45584
"15";"Campania";6;24261;23090;47351
"15";"Campania";7;25006;23243;48249
"15";"Campania";8;25795;24551;50346
"15";"Campania";9;26018;24530;50548
"15";"Campania";10;26339;24839;51178
"15";"Campania";11;26891;25072;51963
"15";"Campania";12;27104;25908;53012
"15";"Campania";13;28665;26654;55319
"15";"Campania";14;29324;27430;56754
"15";"Campania";15;30290;28098;58388
"15";"Campania";16;30734;29177;59911
"15";"Campania";17;31134;29585;60719
"15";"Campania";18;32274;30253;62527
"15";"Campania";19;33026;30101;63127
"15";"Campania";20;33237;30643;63880
"15";"Campania";21;34244;31455;65699
"15";"Campania";22;33666;31496;65162
"15";"Campania";23;32873;30805;63678
"15";"Campania";24;33388;30830;64218
"15";"Campania";25;33735;31104;64839
"15";"Campania";26;33420;30757;64177
"15";"Campania";27;33150;30398;63548
"15";"Campania";28;32547;30175;62722
"15";"Campania";29;32637;30382;63019
"15";"Campania";30;31577;30718;62295
"15";"Campania";31;32272;30708;62980
"15";"Campania";32;32520;31675;64195
"15";"Campania";33;33847;33442;67289
"15";"Campania";34;33793;33404;67197
"15";"Campania";35;33977;33395;67372
"15";"Campania";36;33912;33411;67323
"15";"Campania";37;34519;34398;68917
"15";"Campania";38;33898;33368;67266
"15";"Campania";39;33627;33278;66905
"15";"Campania";40;34761;34175;68936
"15";"Campania";41;34841;35298;70139
"15";"Campania";42;35473;35684;71157
"15";"Campania";43;36675;36311;72986
"15";"Campania";44;35655;36372;72027
"15";"Campania";45;36441;36681;73122
"15";"Campania";46;37042;37891;74933
"15";"Campania";47;37983;39038;77021
"15";"Campania";48;38698;39742;78440
"15";"Campania";49;39949;41367;81316
"15";"Campania";50;41423;42552;83975
"15";"Campania";51;42361;44487;86848
"15";"Campania";52;41591;44039;85630
"15";"Campania";53;41581;44187;85768
"15";"Campania";54;41506;44661;86167
"15";"Campania";55;40836;43974;84810
"15";"Campania";56;42048;44693;86741
"15";"Campania";57;41662;44720;86382
"15";"Campania";58;41913;45383;87296
"15";"Campania";59;42270;45403;87673
"15";"Campania";60;42104;45196;87300
"15";"Campania";61;42812;46030;88842
"15";"Campania";62;39645;43326;82971
"15";"Campania";63;38308;42229;80537
"15";"Campania";64;37390;41198;78588
"15";"Campania";65;35451;39277;74728
"15";"Campania";66;34924;38344;73268
"15";"Campania";67;32734;36224;68958
"15";"Campania";68;32035;35509;67544
"15";"Campania";69;30102;33884;63986
"15";"Campania";70;30515;33874;64389
"15";"Campania";71;29486;33433;62919
"15";"Campania";72;26852;30190;57042
"15";"Campania";73;25417;28963;54380
"15";"Campania";74;24982;28594;53576
"15";"Campania";75;24823;28846;53669
"15";"Campania";76;24121;28613;52734
"15";"Campania";77;23872;28802;52674
"15";"Campania";78;22215;27320;49535
"15";"Campania";79;21546;26771;48317
"15";"Campania";80;16683;21203;37886
"15";"Campania";81;13444;17758;31202
"15";"Campania";82;13467;18886;32353
"15";"Campania";83;12233;17180;29413
"15";"Campania";84;10818;16145;26963
"15";"Campania";85;10919;16542;27461
"15";"Campania";86;9773;15392;25165
"15";"Campania";87;8025;13154;21179
"15";"Campania";88;6797;11344;18141
"15";"Campania";89;5390;9477;14867
"15";"Campania";90;4515;8628;13143
"15";"Campania";91;3440;7022;10462
"15";"Campania";92;2798;5901;8699
"15";"Campania";93;2067;4741;6808
"15";"Campania";94;1540;3705;5245
"15";"Campania";95;1178;2972;4150
"15";"Campania";96;735;2065;2800
"15";"Campania";97;497;1550;2047
"15";"Campania";98;274;972;1246
"15";"Campania";99;206;652;858
"15";"Campania";100;336;1266;1602
"15";"Campania";999;2725438;2843265;5568703
"08";"Emilia-Romagna";0;14076;13211;27287
"08";"Emilia-Romagna";1;14622;13811;28433
"08";"Emilia-Romagna";2;15052;14112;29164
"08";"Emilia-Romagna";3;15778;14930;30708
"08";"Emilia-Romagna";4;16136;15009;31145
"08";"Emilia-Romagna";5;16272;15198;31470
"08";"Emilia-Romagna";6;16669;16070;32739
"08";"Emilia-Romagna";7;17822;16515;34337
"08";"Emilia-Romagna";8;18432;16901;35333
"08";"Emilia-Romagna";9;18900;17841;36741
"08";"Emilia-Romagna";10;19507;18336;37843
"08";"Emilia-Romagna";11;19894;18887;38781
"08";"Emilia-Romagna";12;20360;19344;39704
"08";"Emilia-Romagna";13;21173;19626;40799
"08";"Emilia-Romagna";14;21430;20182;41612
"08";"Emilia-Romagna";15;22297;20700;42997
"08";"Emilia-Romagna";16;22583;21136;43719
"08";"Emilia-Romagna";17;22735;20992;43727
"08";"Emilia-Romagna";18;23012;20880;43892
"08";"Emilia-Romagna";19;23121;20886;44007
"08";"Emilia-Romagna";20;23222;20649;43871
"08";"Emilia-Romagna";21;23372;20885;44257
"08";"Emilia-Romagna";22;23126;20387;43513
"08";"Emilia-Romagna";23;23326;20762;44088
"08";"Emilia-Romagna";24;23658;21099;44757
"08";"Emilia-Romagna";25;24669;21593;46262
"08";"Emilia-Romagna";26;24625;21561;46186
"08";"Emilia-Romagna";27;25413;21609;47022
"08";"Emilia-Romagna";28;25435;22482;47917
"08";"Emilia-Romagna";29;25381;22566;47947
"08";"Emilia-Romagna";30;25213;22391;47604
"08";"Emilia-Romagna";31;25323;23181;48504
"08";"Emilia-Romagna";32;25893;23258;49151
"08";"Emilia-Romagna";33;26601;24673;51274
"08";"Emilia-Romagna";34;26356;24432;50788
"08";"Emilia-Romagna";35;26563;25077;51640
"08";"Emilia-Romagna";36;26004;24885;50889
"08";"Emilia-Romagna";37;26266;25016;51282
"08";"Emilia-Romagna";38;25564;25048;50612
"08";"Emilia-Romagna";39;25604;25181;50785
"08";"Emilia-Romagna";40;26355;25939;52294
"08";"Emilia-Romagna";41;26612;26446;53058
"08";"Emilia-Romagna";42;27020;26965;53985
"08";"Emilia-Romagna";43;27673;27577;55250
"08";"Emilia-Romagna";44;27778;27548;55326
"08";"Emilia-Romagna";45;28764;28532;57296
"08";"Emilia-Romagna";46;29504;29825;59329
"08";"Emilia-Romagna";47;31483;31381;62864
"08";"Emilia-Romagna";48;32432;32776;65208
"08";"Emilia-Romagna";49;34030;34132;68162
"08";"Emilia-Romagna";50;35573;35914;71487
"08";"Emilia-Romagna";51;37183;37167;74350
"08";"Emilia-Romagna";52;36873;37309;74182
"08";"Emilia-Romagna";53;37068;37303;74371
"08";"Emilia-Romagna";54;37174;37487;74661
"08";"Emilia-Romagna";55;36309;37099;73408
"08";"Emilia-Romagna";56;36654;37445;74099
"08";"Emilia-Romagna";57;36380;36943;73323
"08";"Emilia-Romagna";58;35708;36378;72086
"08";"Emilia-Romagna";59;35804;36581;72385
"08";"Emilia-Romagna";60;35175;36137;71312
"08";"Emilia-Romagna";61;35502;36799;72301
"08";"Emilia-Romagna";62;32873;34462;67335
"08";"Emilia-Romagna";63;31303;33404;64707
"08";"Emilia-Romagna";64;30415;32698;63113
"08";"Emilia-Romagna";65;29218;31739;60957
"08";"Emilia-Romagna";66;28350;30773;59123
"08";"Emilia-Romagna";67;26728;29180;55908
"08";"Emilia-Romagna";68;26271;28781;55052
"08";"Emilia-Romagna";69;25552;28161;53713
"08";"Emilia-Romagna";70;24252;26979;51231
"08";"Emilia-Romagna";71;23139;26500;49639
"08";"Emilia-Romagna";72;21960;25010;46970
"08";"Emilia-Romagna";73;21070;24737;45807
"08";"Emilia-Romagna";74;20751;24097;44848
"08";"Emilia-Romagna";75;21255;25204;46459
"08";"Emilia-Romagna";76;21166;25209;46375
"08";"Emilia-Romagna";77;22032;26300;48332
"08";"Emilia-Romagna";78;21670;25444;47114
"08";"Emilia-Romagna";79;20947;25702;46649
"08";"Emilia-Romagna";80;14113;18009;32122
"08";"Emilia-Romagna";81;15313;19561;34874
"08";"Emilia-Romagna";82;14584;18897;33481
"08";"Emilia-Romagna";83;13419;18105;31524
"08";"Emilia-Romagna";84;13074;17895;30969
"08";"Emilia-Romagna";85;12965;18817;31782
"08";"Emilia-Romagna";86;11963;17702;29665
"08";"Emilia-Romagna";87;10807;16388;27195
"08";"Emilia-Romagna";88;8775;13709;22484
"08";"Emilia-Romagna";89;6859;11575;18434
"08";"Emilia-Romagna";90;6237;10870;17107
"08";"Emilia-Romagna";91;5048;9435;14483
"08";"Emilia-Romagna";92;3925;7610;11535
"08";"Emilia-Romagna";93;2847;6110;8957
"08";"Emilia-Romagna";94;2216;4969;7185
"08";"Emilia-Romagna";95;1598;4320;5918
"08";"Emilia-Romagna";96;1060;2973;4033
"08";"Emilia-Romagna";97;675;2183;2858
"08";"Emilia-Romagna";98;458;1598;2056
"08";"Emilia-Romagna";99;257;1064;1321
"08";"Emilia-Romagna";100;360;1810;2170
"08";"Emilia-Romagna";999;2204044;2272965;4477009
"06";"Friuli-Venezia Giulia";0;3518;3186;6704
"06";"Friuli-Venezia Giulia";1;3547;3407;6954
"06";"Friuli-Venezia Giulia";2;3643;3481;7124
"06";"Friuli-Venezia Giulia";3;3891;3642;7533
"06";"Friuli-Venezia Giulia";4;3888;3671;7559
"06";"Friuli-Venezia Giulia";5;3999;3869;7868
"06";"Friuli-Venezia Giulia";6;4092;3853;7945
"06";"Friuli-Venezia Giulia";7;4309;4019;8328
"06";"Friuli-Venezia Giulia";8;4484;4203;8687
"06";"Friuli-Venezia Giulia";9;4652;4399;9051
"06";"Friuli-Venezia Giulia";10;4673;4451;9124
"06";"Friuli-Venezia Giulia";11;4987;4609;9596
"06";"Friuli-Venezia Giulia";12;5069;4762;9831
"06";"Friuli-Venezia Giulia";13;5237;4978;10215
"06";"Friuli-Venezia Giulia";14;5457;4921;10378
"06";"Friuli-Venezia Giulia";15;5593;5205;10798
"06";"Friuli-Venezia Giulia";16;5675;5313;10988
"06";"Friuli-Venezia Giulia";17;5717;5299;11016
"06";"Friuli-Venezia Giulia";18;5713;5461;11174
"06";"Friuli-Venezia Giulia";19;5906;5421;11327
"06";"Friuli-Venezia Giulia";20;5937;5270;11207
"06";"Friuli-Venezia Giulia";21;6026;5513;11539
"06";"Friuli-Venezia Giulia";22;6117;5322;11439
"06";"Friuli-Venezia Giulia";23;6037;5338;11375
"06";"Friuli-Venezia Giulia";24;6246;5430;11676
"06";"Friuli-Venezia Giulia";25;6424;5699;12123
"06";"Friuli-Venezia Giulia";26;6296;5404;11700
"06";"Friuli-Venezia Giulia";27;6478;5453;11931
"06";"Friuli-Venezia Giulia";28;6376;5470;11846
"06";"Friuli-Venezia Giulia";29;6482;5510;11992
"06";"Friuli-Venezia Giulia";30;6295;5484;11779
"06";"Friuli-Venezia Giulia";31;6255;5507;11762
"06";"Friuli-Venezia Giulia";32;6258;5445;11703
"06";"Friuli-Venezia Giulia";33;6574;5959;12533
"06";"Friuli-Venezia Giulia";34;6432;6022;12454
"06";"Friuli-Venezia Giulia";35;6484;6079;12563
"06";"Friuli-Venezia Giulia";36;6408;6049;12457
"06";"Friuli-Venezia Giulia";37;6491;6180;12671
"06";"Friuli-Venezia Giulia";38;6232;5981;12213
"06";"Friuli-Venezia Giulia";39;6364;6155;12519
"06";"Friuli-Venezia Giulia";40;6469;6445;12914
"06";"Friuli-Venezia Giulia";41;6826;6485;13311
"06";"Friuli-Venezia Giulia";42;6639;6395;13034
"06";"Friuli-Venezia Giulia";43;7006;6849;13855
"06";"Friuli-Venezia Giulia";44;7133;6835;13968
"06";"Friuli-Venezia Giulia";45;7344;7037;14381
"06";"Friuli-Venezia Giulia";46;7539;7217;14756
"06";"Friuli-Venezia Giulia";47;8204;7827;16031
"06";"Friuli-Venezia Giulia";48;8232;8100;16332
"06";"Friuli-Venezia Giulia";49;8594;8578;17172
"06";"Friuli-Venezia Giulia";50;9121;9061;18182
"06";"Friuli-Venezia Giulia";51;9746;9822;19568
"06";"Friuli-Venezia Giulia";52;9516;9777;19293
"06";"Friuli-Venezia Giulia";53;9829;9930;19759
"06";"Friuli-Venezia Giulia";54;9880;10056;19936
"06";"Friuli-Venezia Giulia";55;9730;10240;19970
"06";"Friuli-Venezia Giulia";56;10084;10049;20133
"06";"Friuli-Venezia Giulia";57;10002;9978;19980
"06";"Friuli-Venezia Giulia";58;9938;10236;20174
"06";"Friuli-Venezia Giulia";59;9912;10253;20165
"06";"Friuli-Venezia Giulia";60;10054;10250;20304
"06";"Friuli-Venezia Giulia";61;10209;10358;20567
"06";"Friuli-Venezia Giulia";62;9460;9975;19435
"06";"Friuli-Venezia Giulia";63;8950;9386;18336
"06";"Friuli-Venezia Giulia";64;8772;9034;17806
"06";"Friuli-Venezia Giulia";65;8438;8624;17062
"06";"Friuli-Venezia Giulia";66;8183;8678;16861
"06";"Friuli-Venezia Giulia";67;7510;8200;15710
"06";"Friuli-Venezia Giulia";68;7155;8035;15190
"06";"Friuli-Venezia Giulia";69;7204;7756;14960
"06";"Friuli-Venezia Giulia";70;6941;7590;14531
"06";"Friuli-Venezia Giulia";71;6687;7520;14207
"06";"Friuli-Venezia Giulia";72;6519;7444;13963
"06";"Friuli-Venezia Giulia";73;6249;7453;13702
"06";"Friuli-Venezia Giulia";74;6121;7299;13420
"06";"Friuli-Venezia Giulia";75;6396;7640;14036
"06";"Friuli-Venezia Giulia";76;6295;7453;13748
"06";"Friuli-Venezia Giulia";77;6562;7795;14357
"06";"Friuli-Venezia Giulia";78;6299;7786;14085
"06";"Friuli-Venezia Giulia";79;6494;7964;14458
"06";"Friuli-Venezia Giulia";80;4218;5320;9538
"06";"Friuli-Venezia Giulia";81;4818;6267;11085
"06";"Friuli-Venezia Giulia";82;4540;6016;10556
"06";"Friuli-Venezia Giulia";83;4298;6116;10414
"06";"Friuli-Venezia Giulia";84;4166;5816;9982
"06";"Friuli-Venezia Giulia";85;3978;5852;9830
"06";"Friuli-Venezia Giulia";86;3429;5370;8799
"06";"Friuli-Venezia Giulia";87;2976;4876;7852
"06";"Friuli-Venezia Giulia";88;2477;4153;6630
"06";"Friuli-Venezia Giulia";89;1898;3565;5463
"06";"Friuli-Venezia Giulia";90;1589;3197;4786
"06";"Friuli-Venezia Giulia";91;1211;2632;3843
"06";"Friuli-Venezia Giulia";92;987;2195;3182
"06";"Friuli-Venezia Giulia";93;750;1857;2607
"06";"Friuli-Venezia Giulia";94;585;1532;2117
"06";"Friuli-Venezia Giulia";95;424;1311;1735
"06";"Friuli-Venezia Giulia";96;246;931;1177
"06";"Friuli-Venezia Giulia";97;182;661;843
"06";"Friuli-Venezia Giulia";98;113;488;601
"06";"Friuli-Venezia Giulia";99;70;377;447
"06";"Friuli-Venezia Giulia";100;92;583;675
"06";"Friuli-Venezia Giulia";999;585551;607945;1193496
"12";"Lazio";0;16512;15587;32099
"12";"Lazio";1;17628;16546;34174
"12";"Lazio";2;18648;17538;36186
"12";"Lazio";3;19328;18238;37566
"12";"Lazio";4;20056;19149;39205
"12";"Lazio";5;20333;19480;39813
"12";"Lazio";6;21532;20150;41682
"12";"Lazio";7;22704;21509;44213
"12";"Lazio";8;23709;22320;46029
"12";"Lazio";9;24744;23487;48231
"12";"Lazio";10;25175;24177;49352
"12";"Lazio";11;26459;24694;51153
"12";"Lazio";12;26724;25124;51848
"12";"Lazio";13;28110;26583;54693
"12";"Lazio";14;28325;26614;54939
"12";"Lazio";15;29044;27154;56198
"12";"Lazio";16;29270;27160;56430
"12";"Lazio";17;29181;27793;56974
"12";"Lazio";18;29706;27602;57308
"12";"Lazio";19;29842;27746;57588
"12";"Lazio";20;29392;26842;56234
"12";"Lazio";21;29876;27191;57067
"12";"Lazio";22;29175;26721;55896
"12";"Lazio";23;28722;26232;54954
"12";"Lazio";24;28877;26337;55214
"12";"Lazio";25;29839;26695;56534
"12";"Lazio";26;29300;26419;55719
"12";"Lazio";27;30139;26778;56917
"12";"Lazio";28;29913;26907;56820
"12";"Lazio";29;30154;27447;57601
"12";"Lazio";30;30693;27538;58231
"12";"Lazio";31;30866;28331;59197
"12";"Lazio";32;30979;29267;60246
"12";"Lazio";33;32409;30709;63118
"12";"Lazio";34;31933;30582;62515
"12";"Lazio";35;33154;31561;64715
"12";"Lazio";36;32810;31882;64692
"12";"Lazio";37;33987;33019;67006
"12";"Lazio";38;33371;33027;66398
"12";"Lazio";39;33366;32937;66303
"12";"Lazio";40;34663;34337;69000
"12";"Lazio";41;35710;35322;71032
"12";"Lazio";42;36359;36037;72396
"12";"Lazio";43;37543;37787;75330
"12";"Lazio";44;37343;38215;75558
"12";"Lazio";45;38028;38704;76732
"12";"Lazio";46;39022;40093;79115
"12";"Lazio";47;40921;42255;83176
"12";"Lazio";48;41531;42956;84487
"12";"Lazio";49;42926;45067;87993
"12";"Lazio";50;45009;47467;92476
"12";"Lazio";51;46538;49597;96135
"12";"Lazio";52;46351;49373;95724
"12";"Lazio";53;46657;49937;96594
"12";"Lazio";54;46548;49939;96487
"12";"Lazio";55;46409;49435;95844
"12";"Lazio";56;46780;50314;97094
"12";"Lazio";57;45992;49666;95658
"12";"Lazio";58;45844;49896;95740
"12";"Lazio";59;46354;49574;95928
"12";"Lazio";60;46054;49319;95373
"12";"Lazio";61;46355;50109;96464
"12";"Lazio";62;42978;46978;89956
"12";"Lazio";63;40931;44767;85698
"12";"Lazio";64;39463;43354;82817
"12";"Lazio";65;37338;41560;78898
"12";"Lazio";66;35771;40035;75806
"12";"Lazio";67;33881;38166;72047
"12";"Lazio";68;32920;37515;70435
"12";"Lazio";69;32044;36166;68210
"12";"Lazio";70;31056;35546;66602
"12";"Lazio";71;29923;34852;64775
"12";"Lazio";72;27872;32567;60439
"12";"Lazio";73;26735;31563;58298
"12";"Lazio";74;25937;31127;57064
"12";"Lazio";75;26223;31566;57789
"12";"Lazio";76;25670;31305;56975
"12";"Lazio";77;26169;32720;58889
"12";"Lazio";78;25429;31658;57087
"12";"Lazio";79;23452;30554;54006
"12";"Lazio";80;17587;23479;41066
"12";"Lazio";81;16934;22777;39711
"12";"Lazio";82;16834;23467;40301
"12";"Lazio";83;15450;22051;37501
"12";"Lazio";84;14739;21471;36210
"12";"Lazio";85;14919;22704;37623
"12";"Lazio";86;13456;20589;34045
"12";"Lazio";87;11493;18675;30168
"12";"Lazio";88;9578;16102;25680
"12";"Lazio";89;7720;13730;21450
"12";"Lazio";90;6766;12196;18962
"12";"Lazio";91;5293;10350;15643
"12";"Lazio";92;3974;8451;12425
"12";"Lazio";93;3100;6706;9806
"12";"Lazio";94;2327;5543;7870
"12";"Lazio";95;1773;4643;6416
"12";"Lazio";96;1134;3160;4294
"12";"Lazio";97;708;2215;2923
"12";"Lazio";98;505;1673;2178
"12";"Lazio";99;353;1146;1499
"12";"Lazio";100;480;2008;2488
"12";"Lazio";999;2773837;2935607;5709444
"07";"Liguria";0;4211;3932;8143
"07";"Liguria";1;4436;4106;8542
"07";"Liguria";2;4517;4139;8656
"07";"Liguria";3;4636;4284;8920
"07";"Liguria";4;4702;4403;9105
"07";"Liguria";5;4854;4647;9501
"07";"Liguria";6;4946;4633;9579
"07";"Liguria";7;5157;4800;9957
"07";"Liguria";8;5529;5075;10604
"07";"Liguria";9;5639;5184;10823
"07";"Liguria";10;5722;5408;11130
"07";"Liguria";11;6080;5598;11678
"07";"Liguria";12;6152;5649;11801
"07";"Liguria";13;6414;5977;12391
"07";"Liguria";14;6345;5993;12338
"07";"Liguria";15;6524;6281;12805
"07";"Liguria";16;6789;6598;13387
"07";"Liguria";17;7050;6637;13687
"07";"Liguria";18;7202;6301;13503
"07";"Liguria";19;7203;6629;13832
"07";"Liguria";20;7474;6590;14064
"07";"Liguria";21;7548;6702;14250
"07";"Liguria";22;7419;6530;13949
"07";"Liguria";23;7491;6684;14175
"07";"Liguria";24;7557;6880;14437
"07";"Liguria";25;7894;7020;14914
"07";"Liguria";26;8124;6811;14935
"07";"Liguria";27;8251;6873;15124
"07";"Liguria";28;7971;6934;14905
"07";"Liguria";29;8239;7046;15285
"07";"Liguria";30;8030;6943;14973
"07";"Liguria";31;7877;7124;15001
"07";"Liguria";32;7988;7315;15303
"07";"Liguria";33;8264;7420;15684
"07";"Liguria";34;8070;7509;15579
"07";"Liguria";35;8213;7547;15760
"07";"Liguria";36;7983;7666;15649
"07";"Liguria";37;8126;7763;15889
"07";"Liguria";38;8153;7459;15612
"07";"Liguria";39;7865;7540;15405
"07";"Liguria";40;8130;7757;15887
"07";"Liguria";41;8103;7746;15849
"07";"Liguria";42;8279;7887;16166
"07";"Liguria";43;8208;7933;16141
"07";"Liguria";44;8372;8282;16654
"07";"Liguria";45;8266;8261;16527
"07";"Liguria";46;8440;8725;17165
"07";"Liguria";47;9076;9537;18613
"07";"Liguria";48;9581;9937;19518
"07";"Liguria";49;10195;10365;20560
"07";"Liguria";50;10816;11091;21907
"07";"Liguria";51;11367;11912;23279
"07";"Liguria";52;11692;11905;23597
"07";"Liguria";53;12214;12528;24742
"07";"Liguria";54;12312;12604;24916
"07";"Liguria";55;12242;12772;25014
"07";"Liguria";56;12537;13099;25636
"07";"Liguria";57;12635;13104;25739
"07";"Liguria";58;12227;13214;25441
"07";"Liguria";59;12875;13521;26396
"07";"Liguria";60;13024;13741;26765
"07";"Liguria";61;13215;13731;26946
"07";"Liguria";62;12099;13067;25166
"07";"Liguria";63;11656;12607;24263
"07";"Liguria";64;11235;12141;23376
"07";"Liguria";65;10844;11684;22528
"07";"Liguria";66;10559;11513;22072
"07";"Liguria";67;10025;11084;21109
"07";"Liguria";68;9923;10711;20634
"07";"Liguria";69;9499;10415;19914
"07";"Liguria";70;9039;10174;19213
"07";"Liguria";71;8968;10071;19039
"07";"Liguria";72;8420;9682;18102
"07";"Liguria";73;8041;9327;17368
"07";"Liguria";74;7871;9354;17225
"07";"Liguria";75;8310;9795;18105
"07";"Liguria";76;7999;9954;17953
"07";"Liguria";77;8424;10332;18756
"07";"Liguria";78;8343;10565;18908
"07";"Liguria";79;8028;10539;18567
"07";"Liguria";80;5667;7408;13075
"07";"Liguria";81;6134;8238;14372
"07";"Liguria";82;5660;7796;13456
"07";"Liguria";83;5403;7790;13193
"07";"Liguria";84;5327;7845;13172
"07";"Liguria";85;5252;8114;13366
"07";"Liguria";86;4817;7628;12445
"07";"Liguria";87;4236;7011;11247
"07";"Liguria";88;3512;6023;9535
"07";"Liguria";89;2876;5095;7971
"07";"Liguria";90;2364;4619;6983
"07";"Liguria";91;1899;3974;5873
"07";"Liguria";92;1520;3284;4804
"07";"Liguria";93;1191;2931;4122
"07";"Liguria";94;859;2291;3150
"07";"Liguria";95;661;1977;2638
"07";"Liguria";96;423;1374;1797
"07";"Liguria";97;290;999;1289
"07";"Liguria";98;187;704;891
"07";"Liguria";99;112;499;611
"07";"Liguria";100;157;810;967
"07";"Liguria";999;734281;777707;1511988
"03";"Lombardia";0;32700;31045;63745
"03";"Lombardia";1;33476;31980;65456
"03";"Lombardia";2;34604;32367;66971
"03";"Lombardia";3;36065;33739;69804
"03";"Lombardia";4;36939;34843;71782
"03";"Lombardia";5;37330;35140;72470
"03";"Lombardia";6;39313;37408;76721
"03";"Lombardia";7;41213;38489;79702
"03";"Lombardia";8;42948;40072;83020
"03";"Lombardia";9;43949;41887;85836
"03";"Lombardia";10;45880;42868;88748
"03";"Lombardia";11;46587;44044;90631
"03";"Lombardia";12;47548;44277;91825
"03";"Lombardia";13;49068;46102;95170
"03";"Lombardia";14;50037;46832;96869
"03";"Lombardia";15;51814;47847;99661
"03";"Lombardia";16;52725;49299;102024
"03";"Lombardia";17;53182;49590;102772
"03";"Lombardia";18;52889;48737;101626
"03";"Lombardia";19;53863;49054;102917
"03";"Lombardia";20;53569;48307;101876
"03";"Lombardia";21;54640;49306;103946
"03";"Lombardia";22;54073;48123;102196
"03";"Lombardia";23;53888;47858;101746
"03";"Lombardia";24;54721;48915;103636
"03";"Lombardia";25;56666;50060;106726
"03";"Lombardia";26;56481;50069;106550
"03";"Lombardia";27;57981;50585;108566
"03";"Lombardia";28;57626;51107;108733
"03";"Lombardia";29;57430;51949;109379
"03";"Lombardia";30;56953;52138;109091
"03";"Lombardia";31;57219;52993;110212
"03";"Lombardia";32;57641;54178;111819
"03";"Lombardia";33;59418;55689;115107
"03";"Lombardia";34;58862;56177;115039
"03";"Lombardia";35;59852;57127;116979
"03";"Lombardia";36;59427;57443;116870
"03";"Lombardia";37;61251;58269;119520
"03";"Lombardia";38;59363;57482;116845
"03";"Lombardia";39;59132;57257;116389
"03";"Lombardia";40;60544;58786;119330
"03";"Lombardia";41;61513;59646;121159
"03";"Lombardia";42;62580;61125;123705
"03";"Lombardia";43;64568;63064;127632
"03";"Lombardia";44;64517;63186;127703
"03";"Lombardia";45;65503;64334;129837
"03";"Lombardia";46;66666;65844;132510
"03";"Lombardia";47;70580;69065;139645
"03";"Lombardia";48;73362;71937;145299
"03";"Lombardia";49;75713;74702;150415
"03";"Lombardia";50;80502;79611;160113
"03";"Lombardia";51;82897;81358;164255
"03";"Lombardia";52;82142;81601;163743
"03";"Lombardia";53;82991;81976;164967
"03";"Lombardia";54;83183;81511;164694
"03";"Lombardia";55;81916;81217;163133
"03";"Lombardia";56;83327;83193;166520
"03";"Lombardia";57;82933;82576;165509
"03";"Lombardia";58;81958;82498;164456
"03";"Lombardia";59;83532;83466;166998
"03";"Lombardia";60;82032;82939;164971
"03";"Lombardia";61;81258;82087;163345
"03";"Lombardia";62;74760;77160;151920
"03";"Lombardia";63;70226;73331;143557
"03";"Lombardia";64;67562;70855;138417
"03";"Lombardia";65;64540;68281;132821
"03";"Lombardia";66;61771;66434;128205
"03";"Lombardia";67;58397;62712;121109
"03";"Lombardia";68;56538;61579;118117
"03";"Lombardia";69;55055;60191;115246
"03";"Lombardia";70;52274;58999;111273
"03";"Lombardia";71;50980;57116;108096
"03";"Lombardia";72;48779;54786;103565
"03";"Lombardia";73;47633;54534;102167
"03";"Lombardia";74;46175;54079;100254
"03";"Lombardia";75;47378;55573;102951
"03";"Lombardia";76;46856;55472;102328
"03";"Lombardia";77;47524;57308;104832
"03";"Lombardia";78;44753;54684;99437
"03";"Lombardia";79;44497;55528;100025
"03";"Lombardia";80;31472;40207;71679
"03";"Lombardia";81;32094;42486;74580
"03";"Lombardia";82;29887;41176;71063
"03";"Lombardia";83;28947;40725;69672
"03";"Lombardia";84;27385;40197;67582
"03";"Lombardia";85;27927;41508;69435
"03";"Lombardia";86;25129;38526;63655
"03";"Lombardia";87;22060;35382;57442
"03";"Lombardia";88;17308;29526;46834
"03";"Lombardia";89;13639;24788;38427
"03";"Lombardia";90;11607;22893;34500
"03";"Lombardia";91;8994;18885;27879
"03";"Lombardia";92;6849;15721;22570
"03";"Lombardia";93;5269;13172;18441
"03";"Lombardia";94;3775;10557;14332
"03";"Lombardia";95;2793;8418;11211
"03";"Lombardia";96;1727;6053;7780
"03";"Lombardia";97;1116;4284;5400
"03";"Lombardia";98;726;2980;3706
"03";"Lombardia";99;453;2015;2468
"03";"Lombardia";100;532;3272;3804
"03";"Lombardia";999;4967927;5097767;10065694
"11";"Marche";0;4296;3997;8293
"11";"Marche";1;4297;4051;8348
"11";"Marche";2;4618;4383;9001
"11";"Marche";3;4696;4431;9127
"11";"Marche";4;4898;4786;9684
"11";"Marche";5;5152;4767;9919
"11";"Marche";6;5289;4851;10140
"11";"Marche";7;5427;5153;10580
"11";"Marche";8;5730;5418;11148
"11";"Marche";9;6158;5709;11867
"11";"Marche";10;6239;5996;12235
"11";"Marche";11;6488;6050;12538
"11";"Marche";12;6761;6190;12951
"11";"Marche";13;6778;6406;13184
"11";"Marche";14;7055;6809;13864
"11";"Marche";15;7219;6788;14007
"11";"Marche";16;7415;6952;14367
"11";"Marche";17;7540;6971;14511
"11";"Marche";18;7540;6903;14443
"11";"Marche";19;7536;6867;14403
"11";"Marche";20;7671;6870;14541
"11";"Marche";21;7891;6848;14739
"11";"Marche";22;7678;6857;14535
"11";"Marche";23;7842;6842;14684
"11";"Marche";24;7695;6863;14558
"11";"Marche";25;8196;7095;15291
"11";"Marche";26;8089;7016;15105
"11";"Marche";27;8321;6950;15271
"11";"Marche";28;8082;6980;15062
"11";"Marche";29;8046;6845;14891
"11";"Marche";30;7938;6933;14871
"11";"Marche";31;7831;6892;14723
"11";"Marche";32;7859;7168;15027
"11";"Marche";33;8229;7317;15546
"11";"Marche";34;8087;7387;15474
"11";"Marche";35;8226;7636;15862
"11";"Marche";36;8079;7630;15709
"11";"Marche";37;8213;7925;16138
"11";"Marche";38;8111;7792;15903
"11";"Marche";39;8322;8028;16350
"11";"Marche";40;8327;8367;16694
"11";"Marche";41;8584;8412;16996
"11";"Marche";42;8760;8753;17513
"11";"Marche";43;9171;8994;18165
"11";"Marche";44;9111;9067;18178
"11";"Marche";45;9541;9451;18992
"11";"Marche";46;9736;9919;19655
"11";"Marche";47;10442;10417;20859
"11";"Marche";48;10566;10902;21468
"11";"Marche";49;10993;11052;22045
"11";"Marche";50;11377;11685;23062
"11";"Marche";51;11813;11811;23624
"11";"Marche";52;11500;11736;23236
"11";"Marche";53;11628;11783;23411
"11";"Marche";54;11917;12258;24175
"11";"Marche";55;11587;11759;23346
"11";"Marche";56;11758;12365;24123
"11";"Marche";57;11699;12085;23784
"11";"Marche";58;11612;12160;23772
"11";"Marche";59;11723;12169;23892
"11";"Marche";60;11705;12003;23708
"11";"Marche";61;12004;12443;24447
"11";"Marche";62;11134;11818;22952
"11";"Marche";63;10807;11020;21827
"11";"Marche";64;10702;11213;21915
"11";"Marche";65;10238;10881;21119
"11";"Marche";66;9778;10621;20399
"11";"Marche";67;9493;10213;19706
"11";"Marche";68;9125;10117;19242
"11";"Marche";69;9118;10154;19272
"11";"Marche";70;8634;9784;18418
"11";"Marche";71;8409;9265;17674
"11";"Marche";72;8068;9039;17107
"11";"Marche";73;8029;8822;16851
"11";"Marche";74;7907;8883;16790
"11";"Marche";75;7957;8996;16953
"11";"Marche";76;7547;8668;16215
"11";"Marche";77;7611;8887;16498
"11";"Marche";78;7160;8494;15654
"11";"Marche";79;6831;8454;15285
"11";"Marche";80;5472;6757;12229
"11";"Marche";81;5033;6530;11563
"11";"Marche";82;5163;6697;11860
"11";"Marche";83;4605;6217;10822
"11";"Marche";84;4306;6043;10349
"11";"Marche";85;4556;6681;11237
"11";"Marche";86;4410;6392;10802
"11";"Marche";87;3921;6111;10032
"11";"Marche";88;3230;5012;8242
"11";"Marche";89;2519;4366;6885
"11";"Marche";90;2221;4050;6271
"11";"Marche";91;1803;3377;5180
"11";"Marche";92;1357;2843;4200
"11";"Marche";93;970;2207;3177
"11";"Marche";94;774;1961;2735
"11";"Marche";95;534;1470;2004
"11";"Marche";96;382;1025;1407
"11";"Marche";97;255;734;989
"11";"Marche";98;153;563;716
"11";"Marche";99;80;403;483
"11";"Marche";100;134;603;737
"11";"Marche";999;727518;752314;1479832
"14";"Molise";0;771;731;1502
"14";"Molise";1;810;760;1570
"14";"Molise";2;864;801;1665
"14";"Molise";3;884;819;1703
"14";"Molise";4;868;857;1725
"14";"Molise";5;940;805;1745
"14";"Molise";6;1011;946;1957
"14";"Molise";7;985;951;1936
"14";"Molise";8;1085;1010;2095
"14";"Molise";9;1064;1014;2078
"14";"Molise";10;1123;1024;2147
"14";"Molise";11;1169;1014;2183
"14";"Molise";12;1163;1094;2257
"14";"Molise";13;1189;1078;2267
"14";"Molise";14;1198;1168;2366
"14";"Molise";15;1312;1171;2483
"14";"Molise";16;1221;1113;2334
"14";"Molise";17;1349;1178;2527
"14";"Molise";18;1383;1240;2623
"14";"Molise";19;1409;1211;2620
"14";"Molise";20;1479;1249;2728
"14";"Molise";21;1529;1242;2771
"14";"Molise";22;1534;1279;2813
"14";"Molise";23;1544;1341;2885
"14";"Molise";24;1544;1352;2896
"14";"Molise";25;1609;1373;2982
"14";"Molise";26;1722;1402;3124
"14";"Molise";27;1722;1385;3107
"14";"Molise";28;1704;1318;3022
"14";"Molise";29;1589;1385;2974
"14";"Molise";30;1627;1400;3027
"14";"Molise";31;1680;1393;3073
"14";"Molise";32;1679;1462;3141
"14";"Molise";33;1704;1524;3228
"14";"Molise";34;1694;1445;3139
"14";"Molise";35;1698;1520;3218
"14";"Molise";36;1658;1485;3143
"14";"Molise";37;1718;1525;3243
"14";"Molise";38;1744;1481;3225
"14";"Molise";39;1677;1486;3163
"14";"Molise";40;1714;1627;3341
"14";"Molise";41;1729;1578;3307
"14";"Molise";42;1743;1585;3328
"14";"Molise";43;1767;1706;3473
"14";"Molise";44;1774;1738;3512
"14";"Molise";45;1775;1729;3504
"14";"Molise";46;1884;1835;3719
"14";"Molise";47;1892;1902;3794
"14";"Molise";48;1948;1905;3853
"14";"Molise";49;2116;1896;4012
"14";"Molise";50;2192;2115;4307
"14";"Molise";51;2234;2204;4438
"14";"Molise";52;2110;2156;4266
"14";"Molise";53;2167;2219;4386
"14";"Molise";54;2140;2203;4343
"14";"Molise";55;2161;2227;4388
"14";"Molise";56;2249;2354;4603
"14";"Molise";57;2255;2381;4636
"14";"Molise";58;2259;2440;4699
"14";"Molise";59;2335;2449;4784
"14";"Molise";60;2342;2409;4751
"14";"Molise";61;2432;2490;4922
"14";"Molise";62;2249;2278;4527
"14";"Molise";63;2165;2265;4430
"14";"Molise";64;2186;2210;4396
"14";"Molise";65;2169;2305;4474
"14";"Molise";66;2040;2231;4271
"14";"Molise";67;1886;2156;4042
"14";"Molise";68;1953;2047;4000
"14";"Molise";69;1972;2006;3978
"14";"Molise";70;1870;2007;3877
"14";"Molise";71;1838;2046;3884
"14";"Molise";72;1674;1824;3498
"14";"Molise";73;1691;1914;3605
"14";"Molise";74;1574;1732;3306
"14";"Molise";75;1616;1842;3458
"14";"Molise";76;1721;1912;3633
"14";"Molise";77;1599;1805;3404
"14";"Molise";78;1453;1701;3154
"14";"Molise";79;1370;1545;2915
"14";"Molise";80;1009;1200;2209
"14";"Molise";81;948;1171;2119
"14";"Molise";82;830;1082;1912
"14";"Molise";83;788;1005;1793
"14";"Molise";84;768;1149;1917
"14";"Molise";85;839;1232;2071
"14";"Molise";86;776;1270;2046
"14";"Molise";87;654;955;1609
"14";"Molise";88;555;938;1493
"14";"Molise";89;477;882;1359
"14";"Molise";90;410;746;1156
"14";"Molise";91;355;644;999
"14";"Molise";92;254;583;837
"14";"Molise";93;194;454;648
"14";"Molise";94;136;365;501
"14";"Molise";95;124;300;424
"14";"Molise";96;70;225;295
"14";"Molise";97;54;158;212
"14";"Molise";98;34;125;159
"14";"Molise";99;21;86;107
"14";"Molise";100;37;134;171
"14";"Molise";999;142230;143710;285940
"01";"Piemonte";0;12445;11677;24122
"01";"Piemonte";1;12784;12200;24984
"01";"Piemonte";2;13349;12500;25849
"01";"Piemonte";3;13800;13090;26890
"01";"Piemonte";4;14335;13564;27899
"01";"Piemonte";5;14780;13800;28580
"01";"Piemonte";6;15113;14324;29437
"01";"Piemonte";7;15543;14951;30494
"01";"Piemonte";8;16335;15736;32071
"01";"Piemonte";9;17184;16250;33434
"01";"Piemonte";10;17824;16376;34200
"01";"Piemonte";11;18118;17407;35525
"01";"Piemonte";12;18761;17642;36403
"01";"Piemonte";13;19455;18263;37718
"01";"Piemonte";14;19820;18132;37952
"01";"Piemonte";15;20162;18713;38875
"01";"Piemonte";16;20671;19412;40083
"01";"Piemonte";17;20871;19407;40278
"01";"Piemonte";18;21031;19564;40595
"01";"Piemonte";19;21140;19244;40384
"01";"Piemonte";20;21497;19410;40907
"01";"Piemonte";21;21938;19349;41287
"01";"Piemonte";22;22094;19628;41722
"01";"Piemonte";23;21688;19683;41371
"01";"Piemonte";24;21928;19800;41728
"01";"Piemonte";25;23375;20531;43906
"01";"Piemonte";26;23589;20164;43753
"01";"Piemonte";27;24168;20533;44701
"01";"Piemonte";28;23632;20830;44462
"01";"Piemonte";29;23844;20846;44690
"01";"Piemonte";30;23528;20766;44294
"01";"Piemonte";31;23344;21164;44508
"01";"Piemonte";32;23409;21428;44837
"01";"Piemonte";33;24184;22074;46258
"01";"Piemonte";34;23879;22162;46041
"01";"Piemonte";35;24455;22366;46821
"01";"Piemonte";36;23644;22252;45896
"01";"Piemonte";37;24284;22835;47119
"01";"Piemonte";38;23151;22342;45493
"01";"Piemonte";39;23582;22632;46214
"01";"Piemonte";40;23923;23353;47276
"01";"Piemonte";41;23786;23366;47152
"01";"Piemonte";42;24385;24069;48454
"01";"Piemonte";43;25108;25056;50164
"01";"Piemonte";44;25120;25132;50252
"01";"Piemonte";45;25735;25784;51519
"01";"Piemonte";46;26359;26237;52596
"01";"Piemonte";47;27861;28219;56080
"01";"Piemonte";48;28971;29737;58708
"01";"Piemonte";49;30379;30984;61363
"01";"Piemonte";50;32063;32827;64890
"01";"Piemonte";51;33729;33998;67727
"01";"Piemonte";52;33747;33755;67502
"01";"Piemonte";53;34287;34699;68986
"01";"Piemonte";54;34406;35329;69735
"01";"Piemonte";55;34079;34959;69038
"01";"Piemonte";56;35049;36281;71330
"01";"Piemonte";57;34815;35734;70549
"01";"Piemonte";58;34599;35662;70261
"01";"Piemonte";59;34955;35868;70823
"01";"Piemonte";60;34499;35734;70233
"01";"Piemonte";61;34735;36343;71078
"01";"Piemonte";62;32286;33821;66107
"01";"Piemonte";63;30656;32539;63195
"01";"Piemonte";64;30152;32264;62416
"01";"Piemonte";65;28893;31021;59914
"01";"Piemonte";66;28256;29898;58154
"01";"Piemonte";67;27173;29059;56232
"01";"Piemonte";68;26672;28907;55579
"01";"Piemonte";69;25646;28235;53881
"01";"Piemonte";70;25116;27662;52778
"01";"Piemonte";71;24281;27167;51448
"01";"Piemonte";72;23300;26138;49438
"01";"Piemonte";73;22949;25785;48734
"01";"Piemonte";74;21974;25505;47479
"01";"Piemonte";75;22536;26482;49018
"01";"Piemonte";76;22427;26373;48800
"01";"Piemonte";77;22909;27557;50466
"01";"Piemonte";78;21978;26556;48534
"01";"Piemonte";79;20718;25516;46234
"01";"Piemonte";80;15146;19065;34211
"01";"Piemonte";81;15517;20036;35553
"01";"Piemonte";82;14447;19721;34168
"01";"Piemonte";83;14001;19254;33255
"01";"Piemonte";84;13048;19023;32071
"01";"Piemonte";85;13395;19713;33108
"01";"Piemonte";86;12256;18706;30962
"01";"Piemonte";87;10958;17129;28087
"01";"Piemonte";88;8767;14574;23341
"01";"Piemonte";89;7001;12130;19131
"01";"Piemonte";90;5866;11070;16936
"01";"Piemonte";91;4619;9342;13961
"01";"Piemonte";92;3401;7761;11162
"01";"Piemonte";93;2622;6365;8987
"01";"Piemonte";94;1937;5213;7150
"01";"Piemonte";95;1423;4289;5712
"01";"Piemonte";96;920;2951;3871
"01";"Piemonte";97;589;2057;2646
"01";"Piemonte";98;372;1430;1802
"01";"Piemonte";99;209;958;1167
"01";"Piemonte";100;282;1539;1821
"01";"Piemonte";999;2086022;2168984;4255006
"16";"Puglia";0;11899;11090;22989
"16";"Puglia";1;12510;11870;24380
"16";"Puglia";2;13259;12558;25817
"16";"Puglia";3;13848;12784;26632
"16";"Puglia";4;13963;12989;26952
"16";"Puglia";5;14065;13058;27123
"16";"Puglia";6;14562;13708;28270
"16";"Puglia";7;15381;14168;29549
"16";"Puglia";8;15726;14959;30685
"16";"Puglia";9;16353;15299;31652
"16";"Puglia";10;16380;15582;31962
"16";"Puglia";11;17326;16044;33370
"16";"Puglia";12;17419;16462;33881
"16";"Puglia";13;18160;17012;35172
"16";"Puglia";14;18712;17584;36296
"16";"Puglia";15;19313;18286;37599
"16";"Puglia";16;19543;18295;37838
"16";"Puglia";17;19960;18566;38526
"16";"Puglia";18;20402;18690;39092
"16";"Puglia";19;20539;19072;39611
"16";"Puglia";20;21152;19157;40309
"16";"Puglia";21;21570;20153;41723
"16";"Puglia";22;21427;20068;41495
"16";"Puglia";23;21205;19895;41100
"16";"Puglia";24;21739;20057;41796
"16";"Puglia";25;22156;20354;42510
"16";"Puglia";26;22054;19745;41799
"16";"Puglia";27;21914;19529;41443
"16";"Puglia";28;21322;19194;40516
"16";"Puglia";29;21101;19231;40332
"16";"Puglia";30;20724;19055;39779
"16";"Puglia";31;20824;19316;40140
"16";"Puglia";32;21374;19944;41318
"16";"Puglia";33;22227;20920;43147
"16";"Puglia";34;21932;20836;42768
"16";"Puglia";35;22148;20974;43122
"16";"Puglia";36;21718;21273;42991
"16";"Puglia";37;22672;21908;44580
"16";"Puglia";38;22288;21642;43930
"16";"Puglia";39;22363;21529;43892
"16";"Puglia";40;22189;21986;44175
"16";"Puglia";41;22727;23105;45832
"16";"Puglia";42;23185;23140;46325
"16";"Puglia";43;23720;24237;47957
"16";"Puglia";44;24030;24783;48813
"16";"Puglia";45;24946;25257;50203
"16";"Puglia";46;26203;26521;52724
"16";"Puglia";47;27040;27388;54428
"16";"Puglia";48;28238;28570;56808
"16";"Puglia";49;29105;29693;58798
"16";"Puglia";50;29906;30448;60354
"16";"Puglia";51;30270;31649;61919
"16";"Puglia";52;29395;30652;60047
"16";"Puglia";53;29100;30014;59114
"16";"Puglia";54;29636;30736;60372
"16";"Puglia";55;29311;30495;59806
"16";"Puglia";56;29571;31752;61323
"16";"Puglia";57;29638;31720;61358
"16";"Puglia";58;30140;31852;61992
"16";"Puglia";59;30259;32309;62568
"16";"Puglia";60;29921;32494;62415
"16";"Puglia";61;30385;32798;63183
"16";"Puglia";62;28017;30608;58625
"16";"Puglia";63;27249;29696;56945
"16";"Puglia";64;26781;29340;56121
"16";"Puglia";65;26049;28374;54423
"16";"Puglia";66;25135;27734;52869
"16";"Puglia";67;23323;26441;49764
"16";"Puglia";68;23657;26521;50178
"16";"Puglia";69;22857;25798;48655
"16";"Puglia";70;22512;25448;47960
"16";"Puglia";71;21624;24424;46048
"16";"Puglia";72;20609;23521;44130
"16";"Puglia";73;19449;22392;41841
"16";"Puglia";74;19903;22871;42774
"16";"Puglia";75;20064;23282;43346
"16";"Puglia";76;19573;22944;42517
"16";"Puglia";77;20222;24069;44291
"16";"Puglia";78;18362;22263;40625
"16";"Puglia";79;17251;21708;38959
"16";"Puglia";80;14176;17686;31862
"16";"Puglia";81;12025;15766;27791
"16";"Puglia";82;11477;15263;26740
"16";"Puglia";83;11185;15140;26325
"16";"Puglia";84;10093;13685;23778
"16";"Puglia";85;10089;14209;24298
"16";"Puglia";86;9072;13395;22467
"16";"Puglia";87;7736;11801;19537
"16";"Puglia";88;6446;10475;16921
"16";"Puglia";89;5285;8658;13943
"16";"Puglia";90;4535;7805;12340
"16";"Puglia";91;3589;6641;10230
"16";"Puglia";92;2749;5480;8229
"16";"Puglia";93;2108;4465;6573
"16";"Puglia";94;1587;3543;5130
"16";"Puglia";95;1212;2915;4127
"16";"Puglia";96;772;1986;2758
"16";"Puglia";97;502;1506;2008
"16";"Puglia";98;330;1011;1341
"16";"Puglia";99;193;630;823
"16";"Puglia";100;300;1085;1385
"16";"Puglia";999;1890243;1975034;3865277
"20";"Sardegna";0;3358;3128;6486
"20";"Sardegna";1;3694;3390;7084
"20";"Sardegna";2;3818;3542;7360
"20";"Sardegna";3;4114;3749;7863
"20";"Sardegna";4;4309;4152;8461
"20";"Sardegna";5;4431;4037;8468
"20";"Sardegna";6;4621;4462;9083
"20";"Sardegna";7;4960;4608;9568
"20";"Sardegna";8;5321;4967;10288
"20";"Sardegna";9;5536;5143;10679
"20";"Sardegna";10;5906;5392;11298
"20";"Sardegna";11;6002;5584;11586
"20";"Sardegna";12;6123;5735;11858
"20";"Sardegna";13;6501;6006;12507
"20";"Sardegna";14;6761;6349;13110
"20";"Sardegna";15;7025;6522;13547
"20";"Sardegna";16;7110;6450;13560
"20";"Sardegna";17;7076;6583;13659
"20";"Sardegna";18;7045;6607;13652
"20";"Sardegna";19;7202;6600;13802
"20";"Sardegna";20;7336;6600;13936
"20";"Sardegna";21;7219;6462;13681
"20";"Sardegna";22;7419;6701;14120
"20";"Sardegna";23;7189;6679;13868
"20";"Sardegna";24;7369;6806;14175
"20";"Sardegna";25;7715;6852;14567
"20";"Sardegna";26;7630;6658;14288
"20";"Sardegna";27;7431;6405;13836
"20";"Sardegna";28;7533;6516;14049
"20";"Sardegna";29;7498;6517;14015
"20";"Sardegna";30;7732;6633;14365
"20";"Sardegna";31;7703;6810;14513
"20";"Sardegna";32;7692;7080;14772
"20";"Sardegna";33;7971;7492;15463
"20";"Sardegna";34;8308;7593;15901
"20";"Sardegna";35;8456;8000;16456
"20";"Sardegna";36;8601;7902;16503
"20";"Sardegna";37;8668;8185;16853
"20";"Sardegna";38;8655;8290;16945
"20";"Sardegna";39;8664;8458;17122
"20";"Sardegna";40;9114;8861;17975
"20";"Sardegna";41;9417;8940;18357
"20";"Sardegna";42;9525;9341;18866
"20";"Sardegna";43;10136;9749;19885
"20";"Sardegna";44;10039;9982;20021
"20";"Sardegna";45;10633;10169;20802
"20";"Sardegna";46;10618;10542;21160
"20";"Sardegna";47;11731;11334;23065
"20";"Sardegna";48;11955;11505;23460
"20";"Sardegna";49;12330;12130;24460
"20";"Sardegna";50;12915;12779;25694
"20";"Sardegna";51;13690;13152;26842
"20";"Sardegna";52;13619;13284;26903
"20";"Sardegna";53;13322;13182;26504
"20";"Sardegna";54;12951;13475;26426
"20";"Sardegna";55;13037;13016;26053
"20";"Sardegna";56;13287;13538;26825
"20";"Sardegna";57;12810;13340;26150
"20";"Sardegna";58;13328;13540;26868
"20";"Sardegna";59;13314;13805;27119
"20";"Sardegna";60;13318;13712;27030
"20";"Sardegna";61;13552;14001;27553
"20";"Sardegna";62;12607;13521;26128
"20";"Sardegna";63;12392;13128;25520
"20";"Sardegna";64;11929;12951;24880
"20";"Sardegna";65;11705;12268;23973
"20";"Sardegna";66;11258;12084;23342
"20";"Sardegna";67;10957;11857;22814
"20";"Sardegna";68;10805;11866;22671
"20";"Sardegna";69;10509;11655;22164
"20";"Sardegna";70;10155;11137;21292
"20";"Sardegna";71;10187;11188;21375
"20";"Sardegna";72;9583;10556;20139
"20";"Sardegna";73;9261;10388;19649
"20";"Sardegna";74;8848;10218;19066
"20";"Sardegna";75;8844;10085;18929
"20";"Sardegna";76;8344;9675;18019
"20";"Sardegna";77;8253;9809;18062
"20";"Sardegna";78;7746;9261;17007
"20";"Sardegna";79;7085;8394;15479
"20";"Sardegna";80;6233;7912;14145
"20";"Sardegna";81;5876;7600;13476
"20";"Sardegna";82;5189;7248;12437
"20";"Sardegna";83;5195;7140;12335
"20";"Sardegna";84;4384;6461;10845
"20";"Sardegna";85;4632;6844;11476
"20";"Sardegna";86;4036;6073;10109
"20";"Sardegna";87;3290;5260;8550
"20";"Sardegna";88;2694;4626;7320
"20";"Sardegna";89;2336;4016;6352
"20";"Sardegna";90;1758;3431;5189
"20";"Sardegna";91;1618;3086;4704
"20";"Sardegna";92;1313;2643;3956
"20";"Sardegna";93;1009;2116;3125
"20";"Sardegna";94;757;1602;2359
"20";"Sardegna";95;572;1350;1922
"20";"Sardegna";96;361;1090;1451
"20";"Sardegna";97;236;774;1010
"20";"Sardegna";98;147;513;660
"20";"Sardegna";99;96;362;458
"20";"Sardegna";100;129;608;737
"20";"Sardegna";999;764672;789818;1554490
"19";"Sicilia";0;16623;15705;32328
"19";"Sicilia";1;17398;16276;33674
"19";"Sicilia";2;18374;17415;35789
"19";"Sicilia";3;19509;17846;37355
"19";"Sicilia";4;19425;18443;37868
"19";"Sicilia";5;19763;18584;38347
"19";"Sicilia";6;20365;18998;39363
"19";"Sicilia";7;21037;19887;40924
"19";"Sicilia";8;21597;20194;41791
"19";"Sicilia";9;21472;20425;41897
"19";"Sicilia";10;22205;20944;43149
"19";"Sicilia";11;22768;21480;44248
"19";"Sicilia";12;22346;21168;43514
"19";"Sicilia";13;23381;22317;45698
"19";"Sicilia";14;23638;22465;46103
"19";"Sicilia";15;24277;23085;47362
"19";"Sicilia";16;25091;23469;48560
"19";"Sicilia";17;25812;23964;49776
"19";"Sicilia";18;26211;23886;50097
"19";"Sicilia";19;27432;23971;51403
"19";"Sicilia";20;27431;24660;52091
"19";"Sicilia";21;27923;25136;53059
"19";"Sicilia";22;26952;24859;51811
"19";"Sicilia";23;26525;24728;51253
"19";"Sicilia";24;26839;24644;51483
"19";"Sicilia";25;27574;24770;52344
"19";"Sicilia";26;27235;25031;52266
"19";"Sicilia";27;26736;24441;51177
"19";"Sicilia";28;26377;24269;50646
"19";"Sicilia";29;26188;24482;50670
"19";"Sicilia";30;26120;24580;50700
"19";"Sicilia";31;26492;25039;51531
"19";"Sicilia";32;27018;26014;53032
"19";"Sicilia";33;28103;27221;55324
"19";"Sicilia";34;27972;27112;55084
"19";"Sicilia";35;28313;27596;55909
"19";"Sicilia";36;28295;27826;56121
"19";"Sicilia";37;28866;28017;56883
"19";"Sicilia";38;28259;27669;55928
"19";"Sicilia";39;28559;27881;56440
"19";"Sicilia";40;28582;28469;57051
"19";"Sicilia";41;29150;29212;58362
"19";"Sicilia";42;28929;28914;57843
"19";"Sicilia";43;29990;29867;59857
"19";"Sicilia";44;29987;30224;60211
"19";"Sicilia";45;30975;31337;62312
"19";"Sicilia";46;31122;31831;62953
"19";"Sicilia";47;32064;32805;64869
"19";"Sicilia";48;32374;33376;65750
"19";"Sicilia";49;33989;34924;68913
"19";"Sicilia";50;34915;35809;70724
"19";"Sicilia";51;35820;37260;73080
"19";"Sicilia";52;35103;36689;71792
"19";"Sicilia";53;35336;36820;72156
"19";"Sicilia";54;35673;37963;73636
"19";"Sicilia";55;34980;37745;72725
"19";"Sicilia";56;36330;38518;74848
"19";"Sicilia";57;35739;38137;73876
"19";"Sicilia";58;36067;38476;74543
"19";"Sicilia";59;35655;38297;73952
"19";"Sicilia";60;35073;38040;73113
"19";"Sicilia";61;36079;38770;74849
"19";"Sicilia";62;33920;36819;70739
"19";"Sicilia";63;33438;36823;70261
"19";"Sicilia";64;32311;35766;68077
"19";"Sicilia";65;32186;35796;67982
"19";"Sicilia";66;30550;33716;64266
"19";"Sicilia";67;29222;32617;61839
"19";"Sicilia";68;28969;32505;61474
"19";"Sicilia";69;27962;31592;59554
"19";"Sicilia";70;27830;31067;58897
"19";"Sicilia";71;26917;30971;57888
"19";"Sicilia";72;24668;28114;52782
"19";"Sicilia";73;23719;27691;51410
"19";"Sicilia";74;23361;26868;50229
"19";"Sicilia";75;23351;27562;50913
"19";"Sicilia";76;22856;27423;50279
"19";"Sicilia";77;23057;27757;50814
"19";"Sicilia";78;21916;26926;48842
"19";"Sicilia";79;19202;24160;43362
"19";"Sicilia";80;15649;19848;35497
"19";"Sicilia";81;14171;18661;32832
"19";"Sicilia";82;12735;17098;29833
"19";"Sicilia";83;11872;16440;28312
"19";"Sicilia";84;11100;15827;26927
"19";"Sicilia";85;11553;17057;28610
"19";"Sicilia";86;10247;15320;25567
"19";"Sicilia";87;8669;13712;22381
"19";"Sicilia";88;6872;11299;18171
"19";"Sicilia";89;5938;9744;15682
"19";"Sicilia";90;4926;8786;13712
"19";"Sicilia";91;4097;7540;11637
"19";"Sicilia";92;3202;6279;9481
"19";"Sicilia";93;2283;4842;7125
"19";"Sicilia";94;1713;3952;5665
"19";"Sicilia";95;1291;3338;4629
"19";"Sicilia";96;811;2161;2972
"19";"Sicilia";97;538;1593;2131
"19";"Sicilia";98;341;1036;1377
"19";"Sicilia";99;235;769;1004
"19";"Sicilia";100;352;1276;1628
"19";"Sicilia";999;2334463;2440731;4775194
"09";"Toscana";0;10355;9783;20138
"09";"Toscana";1;10846;10136;20982
"09";"Toscana";2;11027;10416;21443
"09";"Toscana";3;11567;10885;22452
"09";"Toscana";4;12093;11537;23630
"09";"Toscana";5;12160;11309;23469
"09";"Toscana";6;12521;12044;24565
"09";"Toscana";7;13262;12750;26012
"09";"Toscana";8;14115;13205;27320
"09";"Toscana";9;14477;13688;28165
"09";"Toscana";10;14981;13827;28808
"09";"Toscana";11;15593;14697;30290
"09";"Toscana";12;15793;14881;30674
"09";"Toscana";13;16705;15911;32616
"09";"Toscana";14;16926;15969;32895
"09";"Toscana";15;17559;16445;34004
"09";"Toscana";16;17664;16542;34206
"09";"Toscana";17;18557;16861;35418
"09";"Toscana";18;18577;16840;35417
"09";"Toscana";19;18672;16907;35579
"09";"Toscana";20;19016;16900;35916
"09";"Toscana";21;19171;16923;36094
"09";"Toscana";22;18750;16510;35260
"09";"Toscana";23;18767;16726;35493
"09";"Toscana";24;18680;16801;35481
"09";"Toscana";25;19282;17008;36290
"09";"Toscana";26;19229;16386;35615
"09";"Toscana";27;19596;16790;36386
"09";"Toscana";28;19460;16893;36353
"09";"Toscana";29;19108;17078;36186
"09";"Toscana";30;18924;17163;36087
"09";"Toscana";31;18943;17391;36334
"09";"Toscana";32;19089;17440;36529
"09";"Toscana";33;19944;18825;38769
"09";"Toscana";34;19709;18627;38336
"09";"Toscana";35;20652;19270;39922
"09";"Toscana";36;19925;19331;39256
"09";"Toscana";37;20660;20022;40682
"09";"Toscana";38;20064;19701;39765
"09";"Toscana";39;19597;19840;39437
"09";"Toscana";40;20662;20759;41421
"09";"Toscana";41;20953;21034;41987
"09";"Toscana";42;21376;21565;42941
"09";"Toscana";43;22197;22120;44317
"09";"Toscana";44;22282;22475;44757
"09";"Toscana";45;22976;22955;45931
"09";"Toscana";46;23621;24158;47779
"09";"Toscana";47;25027;25647;50674
"09";"Toscana";48;25946;26707;52653
"09";"Toscana";49;26889;27997;54886
"09";"Toscana";50;28249;29283;57532
"09";"Toscana";51;29447;30674;60121
"09";"Toscana";52;29594;30937;60531
"09";"Toscana";53;30066;30863;60929
"09";"Toscana";54;29928;31203;61131
"09";"Toscana";55;29651;30130;59781
"09";"Toscana";56;30125;31136;61261
"09";"Toscana";57;29357;30913;60270
"09";"Toscana";58;29319;31042;60361
"09";"Toscana";59;29821;31140;60961
"09";"Toscana";60;29648;31089;60737
"09";"Toscana";61;29625;31334;60959
"09";"Toscana";62;27679;29371;57050
"09";"Toscana";63;26390;28190;54580
"09";"Toscana";64;25553;27622;53175
"09";"Toscana";65;24847;26679;51526
"09";"Toscana";66;24121;25721;49842
"09";"Toscana";67;22680;25234;47914
"09";"Toscana";68;22053;24450;46503
"09";"Toscana";69;21456;23879;45335
"09";"Toscana";70;20788;23407;44195
"09";"Toscana";71;20203;23204;43407
"09";"Toscana";72;19226;21637;40863
"09";"Toscana";73;18715;21349;40064
"09";"Toscana";74;18460;21076;39536
"09";"Toscana";75;18690;21625;40315
"09";"Toscana";76;19066;22483;41549
"09";"Toscana";77;19848;23721;43569
"09";"Toscana";78;19217;23576;42793
"09";"Toscana";79;18862;23097;41959
"09";"Toscana";80;14067;17779;31846
"09";"Toscana";81;13447;17292;30739
"09";"Toscana";82;12796;16946;29742
"09";"Toscana";83;11638;15815;27453
"09";"Toscana";84;11280;15992;27272
"09";"Toscana";85;11655;17189;28844
"09";"Toscana";86;10553;15746;26299
"09";"Toscana";87;9695;14849;24544
"09";"Toscana";88;7649;12709;20358
"09";"Toscana";89;6121;10509;16630
"09";"Toscana";90;5401;9582;14983
"09";"Toscana";91;4117;7873;11990
"09";"Toscana";92;3316;6634;9950
"09";"Toscana";93;2436;5472;7908
"09";"Toscana";94;1986;4448;6434
"09";"Toscana";95;1393;3633;5026
"09";"Toscana";96;911;2615;3526
"09";"Toscana";97;582;1969;2551
"09";"Toscana";98;401;1349;1750
"09";"Toscana";99;234;893;1127
"09";"Toscana";100;325;1556;1881
"09";"Toscana";999;1786632;1872590;3659222
"04";"Trentino-Alto Adige/Südtirol";0;4316;4094;8410
"04";"Trentino-Alto Adige/Südtirol";1;4387;3966;8353
"04";"Trentino-Alto Adige/Südtirol";2;4448;4155;8603
"04";"Trentino-Alto Adige/Südtirol";3;4695;4424;9119
"04";"Trentino-Alto Adige/Südtirol";4;4917;4667;9584
"04";"Trentino-Alto Adige/Südtirol";5;4874;4606;9480
"04";"Trentino-Alto Adige/Südtirol";6;5108;4654;9762
"04";"Trentino-Alto Adige/Südtirol";7;5137;4834;9971
"04";"Trentino-Alto Adige/Südtirol";8;5256;4967;10223
"04";"Trentino-Alto Adige/Südtirol";9;5373;5163;10536
"04";"Trentino-Alto Adige/Südtirol";10;5481;5181;10662
"04";"Trentino-Alto Adige/Südtirol";11;5582;5261;10843
"04";"Trentino-Alto Adige/Südtirol";12;5657;5220;10877
"04";"Trentino-Alto Adige/Südtirol";13;5807;5405;11212
"04";"Trentino-Alto Adige/Südtirol";14;5752;5495;11247
"04";"Trentino-Alto Adige/Südtirol";15;5889;5450;11339
"04";"Trentino-Alto Adige/Südtirol";16;5881;5468;11349
"04";"Trentino-Alto Adige/Südtirol";17;5971;5632;11603
"04";"Trentino-Alto Adige/Südtirol";18;6043;5490;11533
"04";"Trentino-Alto Adige/Südtirol";19;6077;5572;11649
"04";"Trentino-Alto Adige/Südtirol";20;6335;5604;11939
"04";"Trentino-Alto Adige/Südtirol";21;6298;5725;12023
"04";"Trentino-Alto Adige/Südtirol";22;6201;5648;11849
"04";"Trentino-Alto Adige/Südtirol";23;6198;5566;11764
"04";"Trentino-Alto Adige/Südtirol";24;6432;5737;12169
"04";"Trentino-Alto Adige/Südtirol";25;6435;5885;12320
"04";"Trentino-Alto Adige/Südtirol";26;6471;5864;12335
"04";"Trentino-Alto Adige/Südtirol";27;6548;5982;12530
"04";"Trentino-Alto Adige/Südtirol";28;6579;5891;12470
"04";"Trentino-Alto Adige/Südtirol";29;6601;5908;12509
"04";"Trentino-Alto Adige/Südtirol";30;6428;5754;12182
"04";"Trentino-Alto Adige/Südtirol";31;6394;5880;12274
"04";"Trentino-Alto Adige/Südtirol";32;6488;5951;12439
"04";"Trentino-Alto Adige/Südtirol";33;6645;6110;12755
"04";"Trentino-Alto Adige/Südtirol";34;6570;6147;12717
"04";"Trentino-Alto Adige/Südtirol";35;6692;6137;12829
"04";"Trentino-Alto Adige/Südtirol";36;6512;6162;12674
"04";"Trentino-Alto Adige/Südtirol";37;6553;6211;12764
"04";"Trentino-Alto Adige/Südtirol";38;6310;6140;12450
"04";"Trentino-Alto Adige/Südtirol";39;6329;6041;12370
"04";"Trentino-Alto Adige/Südtirol";40;6428;6274;12702
"04";"Trentino-Alto Adige/Südtirol";41;6431;6178;12609
"04";"Trentino-Alto Adige/Südtirol";42;6547;6461;13008
"04";"Trentino-Alto Adige/Südtirol";43;6751;6686;13437
"04";"Trentino-Alto Adige/Südtirol";44;6728;6597;13325
"04";"Trentino-Alto Adige/Südtirol";45;6768;6754;13522
"04";"Trentino-Alto Adige/Südtirol";46;6571;6845;13416
"04";"Trentino-Alto Adige/Südtirol";47;7030;7178;14208
"04";"Trentino-Alto Adige/Südtirol";48;7136;7174;14310
"04";"Trentino-Alto Adige/Südtirol";49;7273;7600;14873
"04";"Trentino-Alto Adige/Südtirol";50;7654;7898;15552
"04";"Trentino-Alto Adige/Südtirol";51;8228;8220;16448
"04";"Trentino-Alto Adige/Südtirol";52;8070;8359;16429
"04";"Trentino-Alto Adige/Südtirol";53;8249;8418;16667
"04";"Trentino-Alto Adige/Südtirol";54;8484;8682;17166
"04";"Trentino-Alto Adige/Südtirol";55;8240;8458;16698
"04";"Trentino-Alto Adige/Südtirol";56;8911;8717;17628
"04";"Trentino-Alto Adige/Südtirol";57;8668;8658;17326
"04";"Trentino-Alto Adige/Südtirol";58;8503;8783;17286
"04";"Trentino-Alto Adige/Südtirol";59;8743;8800;17543
"04";"Trentino-Alto Adige/Südtirol";60;8892;8719;17611
"04";"Trentino-Alto Adige/Südtirol";61;8723;8738;17461
"04";"Trentino-Alto Adige/Südtirol";62;8164;8200;16364
"04";"Trentino-Alto Adige/Südtirol";63;7598;7848;15446
"04";"Trentino-Alto Adige/Südtirol";64;7446;7804;15250
"04";"Trentino-Alto Adige/Südtirol";65;7244;7331;14575
"04";"Trentino-Alto Adige/Südtirol";66;6995;7071;14066
"04";"Trentino-Alto Adige/Südtirol";67;6382;6681;13063
"04";"Trentino-Alto Adige/Südtirol";68;6069;6656;12725
"04";"Trentino-Alto Adige/Südtirol";69;6018;6260;12278
"04";"Trentino-Alto Adige/Südtirol";70;5704;6013;11717
"04";"Trentino-Alto Adige/Südtirol";71;5416;5763;11179
"04";"Trentino-Alto Adige/Südtirol";72;5233;5676;10909
"04";"Trentino-Alto Adige/Südtirol";73;5028;5573;10601
"04";"Trentino-Alto Adige/Südtirol";74;4899;5264;10163
"04";"Trentino-Alto Adige/Südtirol";75;4862;5505;10367
"04";"Trentino-Alto Adige/Südtirol";76;4650;5154;9804
"04";"Trentino-Alto Adige/Südtirol";77;4646;5289;9935
"04";"Trentino-Alto Adige/Südtirol";78;4267;5170;9437
"04";"Trentino-Alto Adige/Südtirol";79;4407;5560;9967
"04";"Trentino-Alto Adige/Südtirol";80;3098;3831;6929
"04";"Trentino-Alto Adige/Südtirol";81;3449;4386;7835
"04";"Trentino-Alto Adige/Südtirol";82;3447;4491;7938
"04";"Trentino-Alto Adige/Südtirol";83;3291;4329;7620
"04";"Trentino-Alto Adige/Südtirol";84;3080;4246;7326
"04";"Trentino-Alto Adige/Südtirol";85;2708;3942;6650
"04";"Trentino-Alto Adige/Südtirol";86;2506;3692;6198
"04";"Trentino-Alto Adige/Südtirol";87;2095;3220;5315
"04";"Trentino-Alto Adige/Südtirol";88;1709;2756;4465
"04";"Trentino-Alto Adige/Südtirol";89;1406;2439;3845
"04";"Trentino-Alto Adige/Südtirol";90;1142;2206;3348
"04";"Trentino-Alto Adige/Südtirol";91;950;1912;2862
"04";"Trentino-Alto Adige/Südtirol";92;753;1594;2347
"04";"Trentino-Alto Adige/Südtirol";93;609;1322;1931
"04";"Trentino-Alto Adige/Südtirol";94;458;1076;1534
"04";"Trentino-Alto Adige/Südtirol";95;330;918;1248
"04";"Trentino-Alto Adige/Südtirol";96;188;655;843
"04";"Trentino-Alto Adige/Südtirol";97;161;476;637
"04";"Trentino-Alto Adige/Südtirol";98;79;346;425
"04";"Trentino-Alto Adige/Südtirol";99;47;231;278
"04";"Trentino-Alto Adige/Südtirol";100;68;388;456
"04";"Trentino-Alto Adige/Südtirol";999;541300;549518;1090818
"10";"Umbria";0;2285;2213;4498
"10";"Umbria";1;2470;2310;4780
"10";"Umbria";2;2500;2374;4874
"10";"Umbria";3;2626;2500;5126
"10";"Umbria";4;2771;2679;5450
"10";"Umbria";5;2845;2640;5485
"10";"Umbria";6;2979;2883;5862
"10";"Umbria";7;3133;2881;6014
"10";"Umbria";8;3254;3029;6283
"10";"Umbria";9;3419;3245;6664
"10";"Umbria";10;3433;3228;6661
"10";"Umbria";11;3661;3476;7137
"10";"Umbria";12;3800;3565;7365
"10";"Umbria";13;3908;3845;7753
"10";"Umbria";14;3973;3779;7752
"10";"Umbria";15;4099;3840;7939
"10";"Umbria";16;4148;3798;7946
"10";"Umbria";17;4255;4128;8383
"10";"Umbria";18;4393;4032;8425
"10";"Umbria";19;4373;3979;8352
"10";"Umbria";20;4428;3988;8416
"10";"Umbria";21;4323;3979;8302
"10";"Umbria";22;4429;3822;8251
"10";"Umbria";23;4303;3949;8252
"10";"Umbria";24;4306;3927;8233
"10";"Umbria";25;4394;4039;8433
"10";"Umbria";26;4563;3801;8364
"10";"Umbria";27;4508;3832;8340
"10";"Umbria";28;4415;3908;8323
"10";"Umbria";29;4406;3836;8242
"10";"Umbria";30;4385;3869;8254
"10";"Umbria";31;4304;3878;8182
"10";"Umbria";32;4408;4031;8439
"10";"Umbria";33;4546;4175;8721
"10";"Umbria";34;4443;4168;8611
"10";"Umbria";35;4518;4351;8869
"10";"Umbria";36;4576;4398;8974
"10";"Umbria";37;4740;4691;9431
"10";"Umbria";38;4586;4546;9132
"10";"Umbria";39;4601;4720;9321
"10";"Umbria";40;4791;4882;9673
"10";"Umbria";41;4782;4889;9671
"10";"Umbria";42;5188;5282;10470
"10";"Umbria";43;5112;5150;10262
"10";"Umbria";44;5173;5379;10552
"10";"Umbria";45;5332;5373;10705
"10";"Umbria";46;5514;5622;11136
"10";"Umbria";47;5671;5988;11659
"10";"Umbria";48;5987;6157;12144
"10";"Umbria";49;6123;6370;12493
"10";"Umbria";50;6349;6722;13071
"10";"Umbria";51;6651;7017;13668
"10";"Umbria";52;6625;6896;13521
"10";"Umbria";53;6486;6961;13447
"10";"Umbria";54;6550;7047;13597
"10";"Umbria";55;6600;6801;13401
"10";"Umbria";56;6623;7122;13745
"10";"Umbria";57;6529;7163;13692
"10";"Umbria";58;6510;7043;13553
"10";"Umbria";59;6605;6973;13578
"10";"Umbria";60;6834;7172;14006
"10";"Umbria";61;6836;7251;14087
"10";"Umbria";62;6137;6917;13054
"10";"Umbria";63;6067;6701;12768
"10";"Umbria";64;6117;6512;12629
"10";"Umbria";65;5955;6477;12432
"10";"Umbria";66;5704;6149;11853
"10";"Umbria";67;5342;5789;11131
"10";"Umbria";68;5184;5636;10820
"10";"Umbria";69;5191;5768;10959
"10";"Umbria";70;5044;5589;10633
"10";"Umbria";71;4808;5525;10333
"10";"Umbria";72;4719;5315;10034
"10";"Umbria";73;4414;5070;9484
"10";"Umbria";74;4572;5215;9787
"10";"Umbria";75;4609;5212;9821
"10";"Umbria";76;4685;5382;10067
"10";"Umbria";77;4935;5574;10509
"10";"Umbria";78;4446;5198;9644
"10";"Umbria";79;4082;4979;9061
"10";"Umbria";80;3205;3968;7173
"10";"Umbria";81;3168;4122;7290
"10";"Umbria";82;3266;4184;7450
"10";"Umbria";83;2819;3769;6588
"10";"Umbria";84;2772;3709;6481
"10";"Umbria";85;2818;3923;6741
"10";"Umbria";86;2501;3763;6264
"10";"Umbria";87;2380;3562;5942
"10";"Umbria";88;1807;3015;4822
"10";"Umbria";89;1456;2565;4021
"10";"Umbria";90;1285;2309;3594
"10";"Umbria";91;1077;2035;3112
"10";"Umbria";92;867;1643;2510
"10";"Umbria";93;602;1320;1922
"10";"Umbria";94;471;1156;1627
"10";"Umbria";95;344;967;1311
"10";"Umbria";96;199;702;901
"10";"Umbria";97;133;492;625
"10";"Umbria";98;105;398;503
"10";"Umbria";99;54;236;290
"10";"Umbria";100;80;391;471
"10";"Umbria";999;413798;436829;850627
"02";"Valle d'Aosta/Vallée d'Aoste";0;350;334;684
"02";"Valle d'Aosta/Vallée d'Aoste";1;314;338;652
"02";"Valle d'Aosta/Vallée d'Aoste";2;374;367;741
"02";"Valle d'Aosta/Vallée d'Aoste";3;415;383;798
"02";"Valle d'Aosta/Vallée d'Aoste";4;402;355;757
"02";"Valle d'Aosta/Vallée d'Aoste";5;403;403;806
"02";"Valle d'Aosta/Vallée d'Aoste";6;402;413;815
"02";"Valle d'Aosta/Vallée d'Aoste";7;496;418;914
"02";"Valle d'Aosta/Vallée d'Aoste";8;483;410;893
"02";"Valle d'Aosta/Vallée d'Aoste";9;514;458;972
"02";"Valle d'Aosta/Vallée d'Aoste";10;514;489;1003
"02";"Valle d'Aosta/Vallée d'Aoste";11;567;512;1079
"02";"Valle d'Aosta/Vallée d'Aoste";12;526;528;1054
"02";"Valle d'Aosta/Vallée d'Aoste";13;600;562;1162
"02";"Valle d'Aosta/Vallée d'Aoste";14;647;583;1230
"02";"Valle d'Aosta/Vallée d'Aoste";15;593;576;1169
"02";"Valle d'Aosta/Vallée d'Aoste";16;658;576;1234
"02";"Valle d'Aosta/Vallée d'Aoste";17;641;602;1243
"02";"Valle d'Aosta/Vallée d'Aoste";18;688;586;1274
"02";"Valle d'Aosta/Vallée d'Aoste";19;691;600;1291
"02";"Valle d'Aosta/Vallée d'Aoste";20;621;584;1205
"02";"Valle d'Aosta/Vallée d'Aoste";21;626;609;1235
"02";"Valle d'Aosta/Vallée d'Aoste";22;643;610;1253
"02";"Valle d'Aosta/Vallée d'Aoste";23;627;545;1172
"02";"Valle d'Aosta/Vallée d'Aoste";24;683;593;1276
"02";"Valle d'Aosta/Vallée d'Aoste";25;672;620;1292
"02";"Valle d'Aosta/Vallée d'Aoste";26;658;607;1265
"02";"Valle d'Aosta/Vallée d'Aoste";27;640;584;1224
"02";"Valle d'Aosta/Vallée d'Aoste";28;646;601;1247
"02";"Valle d'Aosta/Vallée d'Aoste";29;682;604;1286
"02";"Valle d'Aosta/Vallée d'Aoste";30;618;570;1188
"02";"Valle d'Aosta/Vallée d'Aoste";31;599;561;1160
"02";"Valle d'Aosta/Vallée d'Aoste";32;632;573;1205
"02";"Valle d'Aosta/Vallée d'Aoste";33;661;622;1283
"02";"Valle d'Aosta/Vallée d'Aoste";34;636;591;1227
"02";"Valle d'Aosta/Vallée d'Aoste";35;635;672;1307
"02";"Valle d'Aosta/Vallée d'Aoste";36;677;611;1288
"02";"Valle d'Aosta/Vallée d'Aoste";37;664;635;1299
"02";"Valle d'Aosta/Vallée d'Aoste";38;633;663;1296
"02";"Valle d'Aosta/Vallée d'Aoste";39;623;670;1293
"02";"Valle d'Aosta/Vallée d'Aoste";40;648;654;1302
"02";"Valle d'Aosta/Vallée d'Aoste";41;696;642;1338
"02";"Valle d'Aosta/Vallée d'Aoste";42;738;695;1433
"02";"Valle d'Aosta/Vallée d'Aoste";43;695;724;1419
"02";"Valle d'Aosta/Vallée d'Aoste";44;657;671;1328
"02";"Valle d'Aosta/Vallée d'Aoste";45;765;702;1467
"02";"Valle d'Aosta/Vallée d'Aoste";46;733;731;1464
"02";"Valle d'Aosta/Vallée d'Aoste";47;871;844;1715
"02";"Valle d'Aosta/Vallée d'Aoste";48;856;832;1688
"02";"Valle d'Aosta/Vallée d'Aoste";49;875;925;1800
"02";"Valle d'Aosta/Vallée d'Aoste";50;900;959;1859
"02";"Valle d'Aosta/Vallée d'Aoste";51;970;976;1946
"02";"Valle d'Aosta/Vallée d'Aoste";52;1000;1009;2009
"02";"Valle d'Aosta/Vallée d'Aoste";53;993;1037;2030
"02";"Valle d'Aosta/Vallée d'Aoste";54;996;1078;2074
"02";"Valle d'Aosta/Vallée d'Aoste";55;1004;1042;2046
"02";"Valle d'Aosta/Vallée d'Aoste";56;1072;1105;2177
"02";"Valle d'Aosta/Vallée d'Aoste";57;1033;1059;2092
"02";"Valle d'Aosta/Vallée d'Aoste";58;1044;1094;2138
"02";"Valle d'Aosta/Vallée d'Aoste";59;1079;1084;2163
"02";"Valle d'Aosta/Vallée d'Aoste";60;1015;1055;2070
"02";"Valle d'Aosta/Vallée d'Aoste";61;1134;1114;2248
"02";"Valle d'Aosta/Vallée d'Aoste";62;1037;997;2034
"02";"Valle d'Aosta/Vallée d'Aoste";63;894;964;1858
"02";"Valle d'Aosta/Vallée d'Aoste";64;969;917;1886
"02";"Valle d'Aosta/Vallée d'Aoste";65;817;892;1709
"02";"Valle d'Aosta/Vallée d'Aoste";66;867;926;1793
"02";"Valle d'Aosta/Vallée d'Aoste";67;776;828;1604
"02";"Valle d'Aosta/Vallée d'Aoste";68;773;809;1582
"02";"Valle d'Aosta/Vallée d'Aoste";69;770;770;1540
"02";"Valle d'Aosta/Vallée d'Aoste";70;686;844;1530
"02";"Valle d'Aosta/Vallée d'Aoste";71;683;763;1446
"02";"Valle d'Aosta/Vallée d'Aoste";72;722;747;1469
"02";"Valle d'Aosta/Vallée d'Aoste";73;679;705;1384
"02";"Valle d'Aosta/Vallée d'Aoste";74;651;710;1361
"02";"Valle d'Aosta/Vallée d'Aoste";75;655;711;1366
"02";"Valle d'Aosta/Vallée d'Aoste";76;621;750;1371
"02";"Valle d'Aosta/Vallée d'Aoste";77;628;773;1401
"02";"Valle d'Aosta/Vallée d'Aoste";78;634;672;1306
"02";"Valle d'Aosta/Vallée d'Aoste";79;551;630;1181
"02";"Valle d'Aosta/Vallée d'Aoste";80;389;507;896
"02";"Valle d'Aosta/Vallée d'Aoste";81;466;502;968
"02";"Valle d'Aosta/Vallée d'Aoste";82;435;509;944
"02";"Valle d'Aosta/Vallée d'Aoste";83;408;502;910
"02";"Valle d'Aosta/Vallée d'Aoste";84;383;515;898
"02";"Valle d'Aosta/Vallée d'Aoste";85;365;529;894
"02";"Valle d'Aosta/Vallée d'Aoste";86;328;494;822
"02";"Valle d'Aosta/Vallée d'Aoste";87;280;456;736
"02";"Valle d'Aosta/Vallée d'Aoste";88;232;403;635
"02";"Valle d'Aosta/Vallée d'Aoste";89;187;325;512
"02";"Valle d'Aosta/Vallée d'Aoste";90;144;261;405
"02";"Valle d'Aosta/Vallée d'Aoste";91;103;244;347
"02";"Valle d'Aosta/Vallée d'Aoste";92;87;210;297
"02";"Valle d'Aosta/Vallée d'Aoste";93;58;173;231
"02";"Valle d'Aosta/Vallée d'Aoste";94;37;151;188
"02";"Valle d'Aosta/Vallée d'Aoste";95;31;126;157
"02";"Valle d'Aosta/Vallée d'Aoste";96;26;84;110
"02";"Valle d'Aosta/Vallée d'Aoste";97;14;62;76
"02";"Valle d'Aosta/Vallée d'Aoste";98;9;34;43
"02";"Valle d'Aosta/Vallée d'Aoste";99;6;34;40
"02";"Valle d'Aosta/Vallée d'Aoste";100;7;39;46
"02";"Valle d'Aosta/Vallée d'Aoste";999;60336;62218;122554
"05";"Veneto";0;14839;14330;29169
"05";"Veneto";1;15645;14646;30291
"05";"Veneto";2;15905;15004;30909
"05";"Veneto";3;16786;15799;32585
"05";"Veneto";4;17412;16506;33918
"05";"Veneto";5;17794;16201;33995
"05";"Veneto";6;18062;16917;34979
"05";"Veneto";7;19020;17827;36847
"05";"Veneto";8;19851;18480;38331
"05";"Veneto";9;20383;19059;39442
"05";"Veneto";10;20895;19789;40684
"05";"Veneto";11;21427;20480;41907
"05";"Veneto";12;22087;20776;42863
"05";"Veneto";13;23060;21693;44753
"05";"Veneto";14;23400;22171;45571
"05";"Veneto";15;24357;22664;47021
"05";"Veneto";16;24689;23019;47708
"05";"Veneto";17;25141;23616;48757
"05";"Veneto";18;24971;23459;48430
"05";"Veneto";19;25323;23465;48788
"05";"Veneto";20;25663;23301;48964
"05";"Veneto";21;26384;23664;50048
"05";"Veneto";22;25842;23449;49291
"05";"Veneto";23;25797;23113;48910
"05";"Veneto";24;26019;23139;49158
"05";"Veneto";25;27154;24352;51506
"05";"Veneto";26;26868;24222;51090
"05";"Veneto";27;27529;24279;51808
"05";"Veneto";28;27096;24182;51278
"05";"Veneto";29;27033;23931;50964
"05";"Veneto";30;26810;23663;50473
"05";"Veneto";31;26602;23981;50583
"05";"Veneto";32;26224;24483;50707
"05";"Veneto";33;27455;25074;52529
"05";"Veneto";34;26822;25274;52096
"05";"Veneto";35;27600;25598;53198
"05";"Veneto";36;26841;25800;52641
"05";"Veneto";37;27450;26396;53846
"05";"Veneto";38;26575;25443;52018
"05";"Veneto";39;26364;26138;52502
"05";"Veneto";40;27510;27332;54842
"05";"Veneto";41;27525;27305;54830
"05";"Veneto";42;28236;27473;55709
"05";"Veneto";43;28751;28784;57535
"05";"Veneto";44;29419;29096;58515
"05";"Veneto";45;30527;29500;60027
"05";"Veneto";46;31292;31140;62432
"05";"Veneto";47;33313;33141;66454
"05";"Veneto";48;34243;34584;68827
"05";"Veneto";49;35983;35741;71724
"05";"Veneto";50;37696;37349;75045
"05";"Veneto";51;39974;39703;79677
"05";"Veneto";52;39722;39440;79162
"05";"Veneto";53;40485;39693;80178
"05";"Veneto";54;40542;40496;81038
"05";"Veneto";55;40650;40264;80914
"05";"Veneto";56;41613;41295;82908
"05";"Veneto";57;40623;41050;81673
"05";"Veneto";58;41057;41147;82204
"05";"Veneto";59;41121;41582;82703
"05";"Veneto";60;41118;41401;82519
"05";"Veneto";61;40873;42030;82903
"05";"Veneto";62;38275;39152;77427
"05";"Veneto";63;36578;37579;74157
"05";"Veneto";64;35424;36819;72243
"05";"Veneto";65;33280;34678;67958
"05";"Veneto";66;32671;34133;66804
"05";"Veneto";67;30417;32216;62633
"05";"Veneto";68;29418;31255;60673
"05";"Veneto";69;28473;30876;59349
"05";"Veneto";70;27099;29599;56698
"05";"Veneto";71;26573;28778;55351
"05";"Veneto";72;25367;27769;53136
"05";"Veneto";73;24484;27334;51818
"05";"Veneto";74;23969;26506;50475
"05";"Veneto";75;24110;27825;51935
"05";"Veneto";76;23603;26939;50542
"05";"Veneto";77;23615;27689;51304
"05";"Veneto";78;22271;26713;48984
"05";"Veneto";79;23497;28495;51992
"05";"Veneto";80;15360;19338;34698
"05";"Veneto";81;17184;21744;38928
"05";"Veneto";82;16601;21726;38327
"05";"Veneto";83;15172;20626;35798
"05";"Veneto";84;14234;19607;33841
"05";"Veneto";85;13914;20027;33941
"05";"Veneto";86;12673;18390;31063
"05";"Veneto";87;10513;17045;27558
"05";"Veneto";88;8660;14278;22938
"05";"Veneto";89;6720;12242;18962
"05";"Veneto";90;5873;11129;17002
"05";"Veneto";91;4701;9556;14257
"05";"Veneto";92;3364;7534;10898
"05";"Veneto";93;2546;6404;8950
"05";"Veneto";94;1862;5231;7093
"05";"Veneto";95;1340;4253;5593
"05";"Veneto";96;861;2870;3731
"05";"Veneto";97;588;2170;2758
"05";"Veneto";98;398;1621;2019
"05";"Veneto";99;239;1077;1316
"05";"Veneto";100;269;1664;1933
"05";"Veneto";999;2399644;2457816;4857460
